taxon_name	kingdom	phylum	class	order	family	genus	species	taxon_annotation
Parabacteroides merdae	Bacteria	Bacteroidetes	Bacteroidia	Bacteroidales	Tannerellaceae	Parabacteroides	Parabacteroides merdae	NA
Phocaeicola vulgatus	Bacteria	Bacteroidetes	Bacteroidia	Bacteroidales	Bacteroidaceae	Phocaeicola	Phocaeicola vulgatus	anaerobic
Bacteroides cellulosilyticus	Bacteria	Bacteroidetes	Bacteroidia	Bacteroidales	Bacteroidaceae	Bacteroides	Bacteroides cellulosilyticus	anaerobic
Parabacteroides distasonis	Bacteria	Bacteroidetes	Bacteroidia	Bacteroidales	Tannerellaceae	Parabacteroides	Parabacteroides distasonis	NA
Bacteroides sp. CAG:927	Bacteria	Bacteroidetes	Bacteroidia	Bacteroidales	Bacteroidaceae	Bacteroides	Bacteroides sp. CAG:927	anaerobic
Bacteroides ovatus	Bacteria	Bacteroidetes	Bacteroidia	Bacteroidales	Bacteroidaceae	Bacteroides	Bacteroides ovatus	anaerobic
Bacteroides caccae	Bacteria	Bacteroidetes	Bacteroidia	Bacteroidales	Bacteroidaceae	Bacteroides	Bacteroides caccae	anaerobic
Alistipes putredinis	Bacteria	Bacteroidetes	Bacteroidia	Bacteroidales	Rikenellaceae	Alistipes	Alistipes putredinis	NA
Parasutterella excrementihominis	Bacteria	Proteobacteria	Betaproteobacteria	Burkholderiales	Sutterellaceae	Parasutterella	Parasutterella excrementihominis	NA
Faecalibacterium prausnitzii	Bacteria	Firmicutes	Clostridia	Eubacteriales	Oscillospiraceae	Faecalibacterium	Faecalibacterium prausnitzii	NA
Alistipes shahii	Bacteria	Bacteroidetes	Bacteroidia	Bacteroidales	Rikenellaceae	Alistipes	Alistipes shahii	NA
Ruminococcus bicirculans	Bacteria	Firmicutes	Clostridia	Eubacteriales	Oscillospiraceae	Ruminococcus	Ruminococcus bicirculans	NA
Roseburia intestinalis	Bacteria	Firmicutes	Clostridia	Eubacteriales	Lachnospiraceae	Roseburia	Roseburia intestinalis	anaerobic
Lachnospira pectinoschiza	Bacteria	Firmicutes	Clostridia	Eubacteriales	Lachnospiraceae	Lachnospira	Lachnospira pectinoschiza	NA
Eubacterium sp. CAG:38	Bacteria	Firmicutes	Clostridia	Eubacteriales	Eubacteriaceae	Eubacterium	Eubacterium sp. CAG:38	NA
Proteobacteria bacterium CAG:139	Bacteria	Proteobacteria	NA	NA	NA	NA	Proteobacteria bacterium CAG:139	NA
Odoribacter splanchnicus	Bacteria	Bacteroidetes	Bacteroidia	Bacteroidales	Odoribacteraceae	Odoribacter	Odoribacter splanchnicus	NA
Oscillibacter sp. 57_20	Bacteria	Firmicutes	Clostridia	Eubacteriales	Oscillospiraceae	Oscillibacter	Oscillibacter sp. 57_20	NA
Turicimonas muris	Bacteria	Proteobacteria	Betaproteobacteria	Burkholderiales	Sutterellaceae	Turicimonas	Turicimonas muris	NA
Akkermansia muciniphila	Bacteria	Verrucomicrobia	Verrucomicrobiae	Verrucomicrobiales	Akkermansiaceae	Akkermansia	Akkermansia muciniphila	NA
Roseburia hominis	Bacteria	Firmicutes	Clostridia	Eubacteriales	Lachnospiraceae	Roseburia	Roseburia hominis	anaerobic
Coprococcus eutactus	Bacteria	Firmicutes	Clostridia	Eubacteriales	Lachnospiraceae	Coprococcus	Coprococcus eutactus	NA
[Eubacterium] rectale	Bacteria	Firmicutes	Clostridia	Eubacteriales	Lachnospiraceae	NA	[Eubacterium] rectale	NA
Bacteroides fragilis	Bacteria	Bacteroidetes	Bacteroidia	Bacteroidales	Bacteroidaceae	Bacteroides	Bacteroides fragilis	anaerobic
Ruthenibacterium lactatiformans	Bacteria	Firmicutes	Clostridia	Eubacteriales	Oscillospiraceae	Ruthenibacterium	Ruthenibacterium lactatiformans	NA
Alistipes indistinctus	Bacteria	Bacteroidetes	Bacteroidia	Bacteroidales	Rikenellaceae	Alistipes	Alistipes indistinctus	NA
Eubacterium ventriosum	Bacteria	Firmicutes	Clostridia	Eubacteriales	Eubacteriaceae	Eubacterium	Eubacterium ventriosum	NA
Fusicatenibacter saccharivorans	Bacteria	Firmicutes	Clostridia	Eubacteriales	Lachnospiraceae	Fusicatenibacter	Fusicatenibacter saccharivorans	NA
Gemmiger formicilis	Bacteria	Firmicutes	Clostridia	Eubacteriales	NA	Gemmiger	Gemmiger formicilis	NA
Lachnospira eligens	Bacteria	Firmicutes	Clostridia	Eubacteriales	Lachnospiraceae	Lachnospira	Lachnospira eligens	NA
Butyricimonas synergistica	Bacteria	Bacteroidetes	Bacteroidia	Bacteroidales	Odoribacteraceae	Butyricimonas	Butyricimonas synergistica	NA
Agathobaculum butyriciproducens	Bacteria	Firmicutes	Clostridia	Eubacteriales	Oscillospiraceae	Agathobaculum	Agathobaculum butyriciproducens	NA
Butyricimonas virosa	Bacteria	Bacteroidetes	Bacteroidia	Bacteroidales	Odoribacteraceae	Butyricimonas	Butyricimonas virosa	NA
Anaerostipes hadrus	Bacteria	Firmicutes	Clostridia	Eubacteriales	Lachnospiraceae	Anaerostipes	Anaerostipes hadrus	NA
Dorea formicigenerans	Bacteria	Firmicutes	Clostridia	Eubacteriales	Lachnospiraceae	Dorea	Dorea formicigenerans	NA
Streptococcus parasanguinis	Bacteria	Firmicutes	Bacilli	Lactobacillales	Streptococcaceae	Streptococcus	Streptococcus parasanguinis	facultative_anaerobic
Eubacterium ramulus	Bacteria	Firmicutes	Clostridia	Eubacteriales	Eubacteriaceae	Eubacterium	Eubacterium ramulus	NA
Oscillibacter sp. CAG:241	Bacteria	Firmicutes	Clostridia	Eubacteriales	Oscillospiraceae	Oscillibacter	Oscillibacter sp. CAG:241	NA
Firmicutes bacterium CAG:145	Bacteria	Firmicutes	NA	NA	NA	NA	Firmicutes bacterium CAG:145	NA
Veillonella dispar	Bacteria	Firmicutes	Negativicutes	Veillonellales	Veillonellaceae	Veillonella	Veillonella dispar	anaerobic
Intestinimonas butyriciproducens	Bacteria	Firmicutes	Clostridia	Eubacteriales	NA	Intestinimonas	Intestinimonas butyriciproducens	NA
Blautia obeum	Bacteria	Firmicutes	Clostridia	Eubacteriales	Lachnospiraceae	Blautia	Blautia obeum	anaerobic
Bacteroides galacturonicus	Bacteria	Bacteroidetes	Bacteroidia	Bacteroidales	Bacteroidaceae	Bacteroides	Bacteroides galacturonicus	anaerobic
Veillonella atypica	Bacteria	Firmicutes	Negativicutes	Veillonellales	Veillonellaceae	Veillonella	Veillonella atypica	anaerobic
Veillonella parvula	Bacteria	Firmicutes	Negativicutes	Veillonellales	Veillonellaceae	Veillonella	Veillonella parvula	anaerobic
Alistipes inops	Bacteria	Bacteroidetes	Bacteroidia	Bacteroidales	Rikenellaceae	Alistipes	Alistipes inops	NA
Haemophilus parainfluenzae	Bacteria	Proteobacteria	Gammaproteobacteria	Pasteurellales	Pasteurellaceae	Haemophilus	Haemophilus parainfluenzae	facultative_anaerobic
Lactobacillus rogosae	Bacteria	Firmicutes	Bacilli	Lactobacillales	Lactobacillaceae	Lactobacillus	Lactobacillus rogosae	facultative_anaerobic
Victivallis vadensis	Bacteria	Lentisphaerae	Lentisphaeria	Victivallales	Victivallaceae	Victivallis	Victivallis vadensis	NA
Dielma fastidiosa	Bacteria	Firmicutes	Erysipelotrichia	Erysipelotrichales	Erysipelotrichaceae	Dielma	Dielma fastidiosa	NA
Prevotella disiens	Bacteria	Bacteroidetes	Bacteroidia	Bacteroidales	Prevotellaceae	Prevotella	Prevotella disiens	anaerobic
Parabacteroides goldsteinii	Bacteria	Bacteroidetes	Bacteroidia	Bacteroidales	Tannerellaceae	Parabacteroides	Parabacteroides goldsteinii	NA
Oxalobacter formigenes	Bacteria	Proteobacteria	Betaproteobacteria	Burkholderiales	Oxalobacteraceae	Oxalobacter	Oxalobacter formigenes	NA
Collinsella aerofaciens	Bacteria	Actinobacteria	Coriobacteriia	Coriobacteriales	Coriobacteriaceae	Collinsella	Collinsella aerofaciens	anaerobic
Lawsonibacter asaccharolyticus	Bacteria	Firmicutes	Clostridia	Eubacteriales	NA	Lawsonibacter	Lawsonibacter asaccharolyticus	NA
Flavonifractor plautii	Bacteria	Firmicutes	Clostridia	Eubacteriales	Oscillospiraceae	Flavonifractor	Flavonifractor plautii	NA
Streptococcus salivarius	Bacteria	Firmicutes	Bacilli	Lactobacillales	Streptococcaceae	Streptococcus	Streptococcus salivarius	facultative_anaerobic
Dialister invisus	Bacteria	Firmicutes	Negativicutes	Veillonellales	Veillonellaceae	Dialister	Dialister invisus	anaerobic
Veillonella sp. T11011-6	Bacteria	Firmicutes	Negativicutes	Veillonellales	Veillonellaceae	Veillonella	Veillonella sp. T11011-6	anaerobic
Veillonella infantium	Bacteria	Firmicutes	Negativicutes	Veillonellales	Veillonellaceae	Veillonella	Veillonella infantium	anaerobic
Bacteroides stercoris	Bacteria	Bacteroidetes	Bacteroidia	Bacteroidales	Bacteroidaceae	Bacteroides	Bacteroides stercoris	anaerobic
Bacteroides uniformis	Bacteria	Bacteroidetes	Bacteroidia	Bacteroidales	Bacteroidaceae	Bacteroides	Bacteroides uniformis	anaerobic
Barnesiella intestinihominis	Bacteria	Bacteroidetes	Bacteroidia	Bacteroidales	Barnesiellaceae	Barnesiella	Barnesiella intestinihominis	NA
Ruminococcus bromii	Bacteria	Firmicutes	Clostridia	Eubacteriales	Oscillospiraceae	Ruminococcus	Ruminococcus bromii	NA
Bacteroides thetaiotaomicron	Bacteria	Bacteroidetes	Bacteroidia	Bacteroidales	Bacteroidaceae	Bacteroides	Bacteroides thetaiotaomicron	anaerobic
Parabacteroides johnsonii	Bacteria	Bacteroidetes	Bacteroidia	Bacteroidales	Tannerellaceae	Parabacteroides	Parabacteroides johnsonii	NA
Phascolarctobacterium faecium	Bacteria	Firmicutes	Negativicutes	Acidaminococcales	Acidaminococcaceae	Phascolarctobacterium	Phascolarctobacterium faecium	NA
Roseburia inulinivorans	Bacteria	Firmicutes	Clostridia	Eubacteriales	Lachnospiraceae	Roseburia	Roseburia inulinivorans	anaerobic
Bacteroides clarus	Bacteria	Bacteroidetes	Bacteroidia	Bacteroidales	Bacteroidaceae	Bacteroides	Bacteroides clarus	anaerobic
Roseburia faecis	Bacteria	Firmicutes	Clostridia	Eubacteriales	Lachnospiraceae	Roseburia	Roseburia faecis	anaerobic
Firmicutes bacterium CAG:110	Bacteria	Firmicutes	NA	NA	NA	NA	Firmicutes bacterium CAG:110	NA
Bacteroides xylanisolvens	Bacteria	Bacteroidetes	Bacteroidia	Bacteroidales	Bacteroidaceae	Bacteroides	Bacteroides xylanisolvens	anaerobic
Firmicutes bacterium CAG:95	Bacteria	Firmicutes	NA	NA	NA	NA	Firmicutes bacterium CAG:95	NA
Monoglobus pectinilyticus	Bacteria	Firmicutes	Clostridia	Eubacteriales	Oscillospiraceae	Monoglobus	Monoglobus pectinilyticus	NA
Phocaeicola dorei	Bacteria	Bacteroidetes	Bacteroidia	Bacteroidales	Bacteroidaceae	Phocaeicola	Phocaeicola dorei	anaerobic
[Ruminococcus] torques	Bacteria	Firmicutes	Clostridia	Eubacteriales	Lachnospiraceae	Mediterraneibacter	[Ruminococcus] torques	NA
Clostridium sp. CAG:58	Bacteria	Firmicutes	Clostridia	Eubacteriales	Clostridiaceae	Clostridium	Clostridium sp. CAG:58	NA
Alistipes timonensis	Bacteria	Bacteroidetes	Bacteroidia	Bacteroidales	Rikenellaceae	Alistipes	Alistipes timonensis	NA
Firmicutes bacterium CAG:83	Bacteria	Firmicutes	NA	NA	NA	NA	Firmicutes bacterium CAG:83	NA
Alistipes finegoldii	Bacteria	Bacteroidetes	Bacteroidia	Bacteroidales	Rikenellaceae	Alistipes	Alistipes finegoldii	NA
Dorea longicatena	Bacteria	Firmicutes	Clostridia	Eubacteriales	Lachnospiraceae	Dorea	Dorea longicatena	NA
Anaerobutyricum hallii	Bacteria	Firmicutes	Clostridia	Eubacteriales	Lachnospiraceae	Anaerobutyricum	Anaerobutyricum hallii	NA
Gordonibacter pamelaeae	Bacteria	Actinobacteria	Coriobacteriia	Eggerthellales	Eggerthellaceae	Gordonibacter	Gordonibacter pamelaeae	NA
[Clostridium] spiroforme	Bacteria	Firmicutes	Erysipelotrichia	Erysipelotrichales	Erysipelotrichaceae	Erysipelatoclostridium	[Clostridium] spiroforme	NA
Coprococcus comes	Bacteria	Firmicutes	Clostridia	Eubacteriales	Lachnospiraceae	Coprococcus	Coprococcus comes	NA
Oscillibacter sp. PC13	Bacteria	Firmicutes	Clostridia	Eubacteriales	Oscillospiraceae	Oscillibacter	Oscillibacter sp. PC13	NA
Holdemania filiformis	Bacteria	Firmicutes	Erysipelotrichia	Erysipelotrichales	Erysipelotrichaceae	Holdemania	Holdemania filiformis	NA
Adlercreutzia equolifaciens	Bacteria	Actinobacteria	Coriobacteriia	Eggerthellales	Eggerthellaceae	Adlercreutzia	Adlercreutzia equolifaciens	NA
Christensenella minuta	Bacteria	Firmicutes	Clostridia	Eubacteriales	Christensenellaceae	Christensenella	Christensenella minuta	NA
[Clostridium] leptum	Bacteria	Firmicutes	Clostridia	Eubacteriales	Oscillospiraceae	NA	[Clostridium] leptum	NA
Eggerthella lenta	Bacteria	Actinobacteria	Coriobacteriia	Eggerthellales	Eggerthellaceae	Eggerthella	Eggerthella lenta	NA
Collinsella intestinalis	Bacteria	Actinobacteria	Coriobacteriia	Coriobacteriales	Coriobacteriaceae	Collinsella	Collinsella intestinalis	anaerobic
Bilophila wadsworthia	Bacteria	Proteobacteria	Deltaproteobacteria	Desulfovibrionales	Desulfovibrionaceae	Bilophila	Bilophila wadsworthia	NA
Blautia wexlerae	Bacteria	Firmicutes	Clostridia	Eubacteriales	Lachnospiraceae	Blautia	Blautia wexlerae	anaerobic
Streptococcus mitis	Bacteria	Firmicutes	Bacilli	Lactobacillales	Streptococcaceae	Streptococcus	Streptococcus mitis	facultative_anaerobic
Enterocloster citroniae	Bacteria	Firmicutes	Clostridia	Eubacteriales	Lachnospiraceae	Enterocloster	Enterocloster citroniae	NA
Streptococcus infantis	Bacteria	Firmicutes	Bacilli	Lactobacillales	Streptococcaceae	Streptococcus	Streptococcus infantis	facultative_anaerobic
Enorma massiliensis	Bacteria	Actinobacteria	Coriobacteriia	Coriobacteriales	Coriobacteriaceae	Enorma	Enorma massiliensis	NA
Gemella sanguinis	Bacteria	Firmicutes	Bacilli	Bacillales	NA	Gemella	Gemella sanguinis	facultative_anaerobic
[Clostridium] innocuum	Bacteria	Firmicutes	Erysipelotrichia	Erysipelotrichales	Erysipelotrichaceae	Erysipelatoclostridium	[Clostridium] innocuum	NA
Adlercreutzia caecimuris	Bacteria	Actinobacteria	Coriobacteriia	Eggerthellales	Eggerthellaceae	Adlercreutzia	Adlercreutzia caecimuris	NA
Tractidigestivibacter scatoligenes	Bacteria	Actinobacteria	Coriobacteriia	Coriobacteriales	Atopobiaceae	Tractidigestivibacter	Tractidigestivibacter scatoligenes	NA
Fretibacterium fastidiosum	Bacteria	Synergistetes	Synergistia	Synergistales	Synergistaceae	Fretibacterium	Fretibacterium fastidiosum	anaerobic
Rothia mucilaginosa	Bacteria	Actinobacteria	Actinomycetia	Micrococcales	Micrococcaceae	Rothia	Rothia mucilaginosa	facultative_anaerobic
Actinomyces sp. ICM47	Bacteria	Actinobacteria	Actinomycetia	Actinomycetales	Actinomycetaceae	Actinomyces	Actinomyces sp. ICM47	anaerobic
Prevotella melaninogenica	Bacteria	Bacteroidetes	Bacteroidia	Bacteroidales	Prevotellaceae	Prevotella	Prevotella melaninogenica	anaerobic
Actinomyces sp. oral taxon 181	Bacteria	Actinobacteria	Actinomycetia	Actinomycetales	Actinomycetaceae	Actinomyces	Actinomyces sp. oral taxon 181	anaerobic
Actinomyces graevenitzii	Bacteria	Actinobacteria	Actinomycetia	Actinomycetales	Actinomycetaceae	Actinomyces	Actinomyces graevenitzii	anaerobic
Prevotella salivae	Bacteria	Bacteroidetes	Bacteroidia	Bacteroidales	Prevotellaceae	Prevotella	Prevotella salivae	anaerobic
Prevotella histicola	Bacteria	Bacteroidetes	Bacteroidia	Bacteroidales	Prevotellaceae	Prevotella	Prevotella histicola	anaerobic
Oribacterium sinus	Bacteria	Firmicutes	Clostridia	Eubacteriales	Lachnospiraceae	Oribacterium	Oribacterium sinus	anaerobic
Actinomyces sp. HMSC035G02	Bacteria	Actinobacteria	Actinomycetia	Actinomycetales	Actinomycetaceae	Actinomyces	Actinomyces sp. HMSC035G02	anaerobic
Veillonella rogosae	Bacteria	Firmicutes	Negativicutes	Veillonellales	Veillonellaceae	Veillonella	Veillonella rogosae	anaerobic
Campylobacter concisus	Bacteria	Proteobacteria	Epsilonproteobacteria	Campylobacterales	Campylobacteraceae	Campylobacter	Campylobacter concisus	facultative_anaerobic
Megasphaera micronuciformis	Bacteria	Firmicutes	Negativicutes	Veillonellales	Veillonellaceae	Megasphaera	Megasphaera micronuciformis	anaerobic
Fusobacterium periodonticum	Bacteria	Fusobacteria	Fusobacteriia	Fusobacteriales	Fusobacteriaceae	Fusobacterium	Fusobacterium periodonticum	anaerobic
Schaalia odontolytica	Bacteria	Actinobacteria	Actinomycetia	Actinomycetales	Actinomycetaceae	Schaalia	Schaalia odontolytica	NA
Lancefieldella parvula	Bacteria	Actinobacteria	Coriobacteriia	Coriobacteriales	Atopobiaceae	Lancefieldella	Lancefieldella parvula	NA
Prevotella pallens	Bacteria	Bacteroidetes	Bacteroidia	Bacteroidales	Prevotellaceae	Prevotella	Prevotella pallens	anaerobic
Stomatobaculum longum	Bacteria	Firmicutes	Clostridia	Eubacteriales	Lachnospiraceae	Stomatobaculum	Stomatobaculum longum	anaerobic
Leptotrichia wadei	Bacteria	Fusobacteria	Fusobacteriia	Fusobacteriales	Leptotrichiaceae	Leptotrichia	Leptotrichia wadei	anaerobic
Actinomyces sp. S6-Spd3	Bacteria	Actinobacteria	Actinomycetia	Actinomycetales	Actinomycetaceae	Actinomyces	Actinomyces sp. S6-Spd3	anaerobic
Streptococcus thermophilus	Bacteria	Firmicutes	Bacilli	Lactobacillales	Streptococcaceae	Streptococcus	Streptococcus thermophilus	facultative_anaerobic
Neisseria flavescens	Bacteria	Proteobacteria	Betaproteobacteria	Neisseriales	Neisseriaceae	Neisseria	Neisseria flavescens	aerobic
Streptococcus oralis	Bacteria	Firmicutes	Bacilli	Lactobacillales	Streptococcaceae	Streptococcus	Streptococcus oralis	facultative_anaerobic
Neisseria subflava	Bacteria	Proteobacteria	Betaproteobacteria	Neisseriales	Neisseriaceae	Neisseria	Neisseria subflava	aerobic
Lachnoanaerobaculum saburreum	Bacteria	Firmicutes	Clostridia	Eubacteriales	Lachnospiraceae	Lachnoanaerobaculum	Lachnoanaerobaculum saburreum	anaerobic
Streptococcus sanguinis	Bacteria	Firmicutes	Bacilli	Lactobacillales	Streptococcaceae	Streptococcus	Streptococcus sanguinis	facultative_anaerobic
Streptococcus australis	Bacteria	Firmicutes	Bacilli	Lactobacillales	Streptococcaceae	Streptococcus	Streptococcus australis	facultative_anaerobic
Streptococcus gordonii	Bacteria	Firmicutes	Bacilli	Lactobacillales	Streptococcaceae	Streptococcus	Streptococcus gordonii	facultative_anaerobic
Leptotrichia sp. oral taxon 215	Bacteria	Fusobacteria	Fusobacteriia	Fusobacteriales	Leptotrichiaceae	Leptotrichia	Leptotrichia sp. oral taxon 215	anaerobic
Streptococcus sp. F0442	Bacteria	Firmicutes	Bacilli	Lactobacillales	Streptococcaceae	Streptococcus	Streptococcus sp. F0442	facultative_anaerobic
Porphyromonas somerae	Bacteria	Bacteroidetes	Bacteroidia	Bacteroidales	Porphyromonadaceae	Porphyromonas	Porphyromonas somerae	anaerobic
Kingella oralis	Bacteria	Proteobacteria	Betaproteobacteria	Neisseriales	Neisseriaceae	Kingella	Kingella oralis	aerobic
Prevotella sp. oral taxon 299	Bacteria	Bacteroidetes	Bacteroidia	Bacteroidales	Prevotellaceae	Prevotella	Prevotella sp. oral taxon 299	anaerobic
Oribacterium asaccharolyticum	Bacteria	Firmicutes	Clostridia	Eubacteriales	Lachnospiraceae	Oribacterium	Oribacterium asaccharolyticum	anaerobic
Rothia dentocariosa	Bacteria	Actinobacteria	Actinomycetia	Micrococcales	Micrococcaceae	Rothia	Rothia dentocariosa	facultative_anaerobic
Solobacterium moorei	Bacteria	Firmicutes	Erysipelotrichia	Erysipelotrichales	Erysipelotrichaceae	Solobacterium	Solobacterium moorei	anaerobic
Haemophilus sputorum	Bacteria	Proteobacteria	Gammaproteobacteria	Pasteurellales	Pasteurellaceae	Haemophilus	Haemophilus sputorum	facultative_anaerobic
Staphylococcus aureus	Bacteria	Firmicutes	Bacilli	Bacillales	Staphylococcaceae	Staphylococcus	Staphylococcus aureus	facultative_anaerobic
Streptococcus sp. HPH0090	Bacteria	Firmicutes	Bacilli	Lactobacillales	Streptococcaceae	Streptococcus	Streptococcus sp. HPH0090	facultative_anaerobic
Gemella haemolysans	Bacteria	Firmicutes	Bacilli	Bacillales	NA	Gemella	Gemella haemolysans	facultative_anaerobic
Streptococcus sp. A12	Bacteria	Firmicutes	Bacilli	Lactobacillales	Streptococcaceae	Streptococcus	Streptococcus sp. A12	facultative_anaerobic
Lactobacillus helveticus	Bacteria	Firmicutes	Bacilli	Lactobacillales	Lactobacillaceae	Lactobacillus	Lactobacillus helveticus	facultative_anaerobic
Leptotrichia sp. oral taxon 212	Bacteria	Fusobacteria	Fusobacteriia	Fusobacteriales	Leptotrichiaceae	Leptotrichia	Leptotrichia sp. oral taxon 212	anaerobic
Fusobacterium nucleatum	Bacteria	Fusobacteria	Fusobacteriia	Fusobacteriales	Fusobacteriaceae	Fusobacterium	Fusobacterium nucleatum	anaerobic
Capnocytophaga leadbetteri	Bacteria	Bacteroidetes	Flavobacteriia	Flavobacteriales	Flavobacteriaceae	Capnocytophaga	Capnocytophaga leadbetteri	facultative_anaerobic
Granulicatella adiacens	Bacteria	Firmicutes	Bacilli	Lactobacillales	Carnobacteriaceae	Granulicatella	Granulicatella adiacens	anaerobic
Prevotella nigrescens	Bacteria	Bacteroidetes	Bacteroidia	Bacteroidales	Prevotellaceae	Prevotella	Prevotella nigrescens	anaerobic
Streptococcus vestibularis	Bacteria	Firmicutes	Bacilli	Lactobacillales	Streptococcaceae	Streptococcus	Streptococcus vestibularis	facultative_anaerobic
Streptococcus sp. HMSC034E03	Bacteria	Firmicutes	Bacilli	Lactobacillales	Streptococcaceae	Streptococcus	Streptococcus sp. HMSC034E03	facultative_anaerobic
Actinomyces sp. HPA0247	Bacteria	Actinobacteria	Actinomycetia	Actinomycetales	Actinomycetaceae	Actinomyces	Actinomyces sp. HPA0247	anaerobic
Capnocytophaga gingivalis	Bacteria	Bacteroidetes	Flavobacteriia	Flavobacteriales	Flavobacteriaceae	Capnocytophaga	Capnocytophaga gingivalis	facultative_anaerobic
Actinomyces oris	Bacteria	Actinobacteria	Actinomycetia	Actinomycetales	Actinomycetaceae	Actinomyces	Actinomyces oris	anaerobic
Rothia aeria	Bacteria	Actinobacteria	Actinomycetia	Micrococcales	Micrococcaceae	Rothia	Rothia aeria	facultative_anaerobic
Haemophilus influenzae	Bacteria	Proteobacteria	Gammaproteobacteria	Pasteurellales	Pasteurellaceae	Haemophilus	Haemophilus influenzae	facultative_anaerobic
Haemophilus quentini	Bacteria	Proteobacteria	Gammaproteobacteria	Pasteurellales	Pasteurellaceae	Haemophilus	Haemophilus quentini	facultative_anaerobic
Streptococcus cristatus	Bacteria	Firmicutes	Bacilli	Lactobacillales	Streptococcaceae	Streptococcus	Streptococcus cristatus	facultative_anaerobic
Streptococcus mutans	Bacteria	Firmicutes	Bacilli	Lactobacillales	Streptococcaceae	Streptococcus	Streptococcus mutans	facultative_anaerobic
Streptococcus sp. HMSC067H01	Bacteria	Firmicutes	Bacilli	Lactobacillales	Streptococcaceae	Streptococcus	Streptococcus sp. HMSC067H01	facultative_anaerobic
Lancefieldella rimae	Bacteria	Actinobacteria	Coriobacteriia	Coriobacteriales	Atopobiaceae	Lancefieldella	Lancefieldella rimae	NA
Haemophilus haemolyticus	Bacteria	Proteobacteria	Gammaproteobacteria	Pasteurellales	Pasteurellaceae	Haemophilus	Haemophilus haemolyticus	facultative_anaerobic
Capnocytophaga granulosa	Bacteria	Bacteroidetes	Flavobacteriia	Flavobacteriales	Flavobacteriaceae	Capnocytophaga	Capnocytophaga granulosa	facultative_anaerobic
Neisseria sicca	Bacteria	Proteobacteria	Betaproteobacteria	Neisseriales	Neisseriaceae	Neisseria	Neisseria sicca	aerobic
Leptotrichia hofstadii	Bacteria	Fusobacteria	Fusobacteriia	Fusobacteriales	Leptotrichiaceae	Leptotrichia	Leptotrichia hofstadii	anaerobic
Cardiobacterium hominis	Bacteria	Proteobacteria	Gammaproteobacteria	Cardiobacteriales	Cardiobacteriaceae	Cardiobacterium	Cardiobacterium hominis	aerobic
Capnocytophaga sputigena	Bacteria	Bacteroidetes	Flavobacteriia	Flavobacteriales	Flavobacteriaceae	Capnocytophaga	Capnocytophaga sputigena	facultative_anaerobic
Streptococcus sp. HMSC071D03	Bacteria	Firmicutes	Bacilli	Lactobacillales	Streptococcaceae	Streptococcus	Streptococcus sp. HMSC071D03	facultative_anaerobic
Streptococcus pseudopneumoniae	Bacteria	Firmicutes	Bacilli	Lactobacillales	Streptococcaceae	Streptococcus	Streptococcus pseudopneumoniae	facultative_anaerobic
Corynebacterium durum	Bacteria	Actinobacteria	Actinomycetia	Corynebacteriales	Corynebacteriaceae	Corynebacterium	Corynebacterium durum	aerobic
Prevotella pleuritidis	Bacteria	Bacteroidetes	Bacteroidia	Bacteroidales	Prevotellaceae	Prevotella	Prevotella pleuritidis	anaerobic
Gemella morbillorum	Bacteria	Firmicutes	Bacilli	Bacillales	NA	Gemella	Gemella morbillorum	facultative_anaerobic
Lautropia mirabilis	Bacteria	Proteobacteria	Betaproteobacteria	Burkholderiales	Burkholderiaceae	Lautropia	Lautropia mirabilis	aerobic
Alloprevotella sp. oral taxon 473	Bacteria	Bacteroidetes	Bacteroidia	Bacteroidales	Prevotellaceae	Alloprevotella	Alloprevotella sp. oral taxon 473	anaerobic
Aggregatibacter sp. oral taxon 458	Bacteria	Proteobacteria	Gammaproteobacteria	Pasteurellales	Pasteurellaceae	Aggregatibacter	Aggregatibacter sp. oral taxon 458	facultative_anaerobic
Leptotrichia sp. oral taxon 225	Bacteria	Fusobacteria	Fusobacteriia	Fusobacteriales	Leptotrichiaceae	Leptotrichia	Leptotrichia sp. oral taxon 225	anaerobic
Leptotrichia sp. oral taxon 498	Bacteria	Fusobacteria	Fusobacteriia	Fusobacteriales	Leptotrichiaceae	Leptotrichia	Leptotrichia sp. oral taxon 498	anaerobic
Actinomyces naeslundii	Bacteria	Actinobacteria	Actinomycetia	Actinomycetales	Actinomycetaceae	Actinomyces	Actinomyces naeslundii	anaerobic
Haemophilus parahaemolyticus	Bacteria	Proteobacteria	Gammaproteobacteria	Pasteurellales	Pasteurellaceae	Haemophilus	Haemophilus parahaemolyticus	facultative_anaerobic
Bifidobacterium longum	Bacteria	Actinobacteria	Actinomycetia	Bifidobacteriales	Bifidobacteriaceae	Bifidobacterium	Bifidobacterium longum	facultative_anaerobic
Prevotella oris	Bacteria	Bacteroidetes	Bacteroidia	Bacteroidales	Prevotellaceae	Prevotella	Prevotella oris	anaerobic
Parvimonas micra	Bacteria	Firmicutes	Tissierellia	Tissierellales	Peptoniphilaceae	Parvimonas	Parvimonas micra	anaerobic
Streptococcus pneumoniae	Bacteria	Firmicutes	Bacilli	Lactobacillales	Streptococcaceae	Streptococcus	Streptococcus pneumoniae	facultative_anaerobic
Haemophilus paraphrohaemolyticus	Bacteria	Proteobacteria	Gammaproteobacteria	Pasteurellales	Pasteurellaceae	Haemophilus	Haemophilus paraphrohaemolyticus	facultative_anaerobic
Corynebacterium matruchotii	Bacteria	Actinobacteria	Actinomycetia	Corynebacteriales	Corynebacteriaceae	Corynebacterium	Corynebacterium matruchotii	aerobic
Actinomyces sp. oral taxon 170	Bacteria	Actinobacteria	Actinomycetia	Actinomycetales	Actinomycetaceae	Actinomyces	Actinomyces sp. oral taxon 170	anaerobic
Actinobaculum sp. oral taxon 183	Bacteria	Actinobacteria	Actinomycetia	Actinomycetales	Actinomycetaceae	Actinobaculum	Actinobaculum sp. oral taxon 183	NA
Actinomyces massiliensis	Bacteria	Actinobacteria	Actinomycetia	Actinomycetales	Actinomycetaceae	Actinomyces	Actinomyces massiliensis	anaerobic
Campylobacter gracilis	Bacteria	Proteobacteria	Epsilonproteobacteria	Campylobacterales	Campylobacteraceae	Campylobacter	Campylobacter gracilis	facultative_anaerobic
Capnocytophaga sp. oral taxon 863	Bacteria	Bacteroidetes	Flavobacteriia	Flavobacteriales	Flavobacteriaceae	Capnocytophaga	Capnocytophaga sp. oral taxon 863	facultative_anaerobic
Eikenella corrodens	Bacteria	Proteobacteria	Betaproteobacteria	Neisseriales	Neisseriaceae	Eikenella	Eikenella corrodens	anaerobic
Cardiobacterium valvarum	Bacteria	Proteobacteria	Gammaproteobacteria	Cardiobacteriales	Cardiobacteriaceae	Cardiobacterium	Cardiobacterium valvarum	aerobic
Arachnia propionica	Bacteria	Actinobacteria	Actinomycetia	Propionibacteriales	Propionibacteriaceae	Arachnia	Arachnia propionica	NA
Actinomyces viscosus	Bacteria	Actinobacteria	Actinomycetia	Actinomycetales	Actinomycetaceae	Actinomyces	Actinomyces viscosus	anaerobic
Campylobacter showae	Bacteria	Proteobacteria	Epsilonproteobacteria	Campylobacterales	Campylobacteraceae	Campylobacter	Campylobacter showae	facultative_anaerobic
Actinomyces johnsonii	Bacteria	Actinobacteria	Actinomycetia	Actinomycetales	Actinomycetaceae	Actinomyces	Actinomyces johnsonii	anaerobic
Prevotella loescheii	Bacteria	Bacteroidetes	Bacteroidia	Bacteroidales	Prevotellaceae	Prevotella	Prevotella loescheii	anaerobic
Streptococcus sp. oral taxon 056	Bacteria	Firmicutes	Bacilli	Lactobacillales	Streptococcaceae	Streptococcus	Streptococcus sp. oral taxon 056	facultative_anaerobic
[Eubacterium] brachy	Bacteria	Firmicutes	Clostridia	Eubacteriales	Eubacteriales Family XIII. Incertae Sedis	NA	[Eubacterium] brachy	NA
Abiotrophia defectiva	Bacteria	Firmicutes	Bacilli	Lactobacillales	Aerococcaceae	Abiotrophia	Abiotrophia defectiva	facultative_anaerobic
Capnocytophaga ochracea	Bacteria	Bacteroidetes	Flavobacteriia	Flavobacteriales	Flavobacteriaceae	Capnocytophaga	Capnocytophaga ochracea	facultative_anaerobic
Schaalia meyeri	Bacteria	Actinobacteria	Actinomycetia	Actinomycetales	Actinomycetaceae	Schaalia	Schaalia meyeri	NA
Actinomyces sp. oral taxon 448	Bacteria	Actinobacteria	Actinomycetia	Actinomycetales	Actinomycetaceae	Actinomyces	Actinomyces sp. oral taxon 448	anaerobic
Eikenella halliae	Bacteria	Proteobacteria	Betaproteobacteria	Neisseriales	Neisseriaceae	Eikenella	Eikenella halliae	anaerobic
Selenomonas noxia	Bacteria	Firmicutes	Negativicutes	Selenomonadales	Selenomonadaceae	Selenomonas	Selenomonas noxia	anaerobic
Oribacterium sp. oral taxon 078	Bacteria	Firmicutes	Clostridia	Eubacteriales	Lachnospiraceae	Oribacterium	Oribacterium sp. oral taxon 078	anaerobic
Abiotrophia sp. HMSC24B09	Bacteria	Firmicutes	Bacilli	Lactobacillales	Aerococcaceae	Abiotrophia	Abiotrophia sp. HMSC24B09	facultative_anaerobic
Leptotrichia sp. oral taxon 879	Bacteria	Fusobacteria	Fusobacteriia	Fusobacteriales	Leptotrichiaceae	Leptotrichia	Leptotrichia sp. oral taxon 879	anaerobic
Aggregatibacter actinomycetemcomitans	Bacteria	Proteobacteria	Gammaproteobacteria	Pasteurellales	Pasteurellaceae	Aggregatibacter	Aggregatibacter actinomycetemcomitans	facultative_anaerobic
Actinomyces sp. oral taxon 180	Bacteria	Actinobacteria	Actinomycetia	Actinomycetales	Actinomycetaceae	Actinomyces	Actinomyces sp. oral taxon 180	anaerobic
Aggregatibacter segnis	Bacteria	Proteobacteria	Gammaproteobacteria	Pasteurellales	Pasteurellaceae	Aggregatibacter	Aggregatibacter segnis	facultative_anaerobic
Actinomyces denticolens	Bacteria	Actinobacteria	Actinomycetia	Actinomycetales	Actinomycetaceae	Actinomyces	Actinomyces denticolens	anaerobic
Selenomonas infelix	Bacteria	Firmicutes	Negativicutes	Selenomonadales	Selenomonadaceae	Selenomonas	Selenomonas infelix	anaerobic
Kingella denitrificans	Bacteria	Proteobacteria	Betaproteobacteria	Neisseriales	Neisseriaceae	Kingella	Kingella denitrificans	aerobic
Capnocytophaga sp. oral taxon 338	Bacteria	Bacteroidetes	Flavobacteriia	Flavobacteriales	Flavobacteriaceae	Capnocytophaga	Capnocytophaga sp. oral taxon 338	facultative_anaerobic
Staphylococcus argenteus	Bacteria	Firmicutes	Bacilli	Bacillales	Staphylococcaceae	Staphylococcus	Staphylococcus argenteus	facultative_anaerobic
Staphylococcus epidermidis	Bacteria	Firmicutes	Bacilli	Bacillales	Staphylococcaceae	Staphylococcus	Staphylococcus epidermidis	facultative_anaerobic
Cutibacterium acnes	Bacteria	Actinobacteria	Actinomycetia	Propionibacteriales	Propionibacteriaceae	Cutibacterium	Cutibacterium acnes	NA
Corynebacterium accolens	Bacteria	Actinobacteria	Actinomycetia	Corynebacteriales	Corynebacteriaceae	Corynebacterium	Corynebacterium accolens	aerobic
Escherichia coli	Bacteria	Proteobacteria	Gammaproteobacteria	Enterobacterales	Enterobacteriaceae	Escherichia	Escherichia coli	NA
Haemophilus sp. HMSC71H05	Bacteria	Proteobacteria	Gammaproteobacteria	Pasteurellales	Pasteurellaceae	Haemophilus	Haemophilus sp. HMSC71H05	facultative_anaerobic
Cutibacterium namnetense	Bacteria	Actinobacteria	Actinomycetia	Propionibacteriales	Propionibacteriaceae	Cutibacterium	Cutibacterium namnetense	NA
Klebsiella pneumoniae	Bacteria	Proteobacteria	Gammaproteobacteria	Enterobacterales	Enterobacteriaceae	Klebsiella	Klebsiella pneumoniae	NA
Gardnerella vaginalis	Bacteria	Actinobacteria	Actinomycetia	Bifidobacteriales	Bifidobacteriaceae	Gardnerella	Gardnerella vaginalis	anaerobic
Lactobacillus iners	Bacteria	Firmicutes	Bacilli	Lactobacillales	Lactobacillaceae	Lactobacillus	Lactobacillus iners	facultative_anaerobic
Fannyhessea vaginae	Bacteria	Actinobacteria	Actinomycetia	Actinomycetales	Actinomycetaceae	Fannyhessea	Fannyhessea vaginae	NA
Sneathia vaginalis	Bacteria	Fusobacteria	Fusobacteriia	Fusobacteriales	Leptotrichiaceae	Sneathia	Sneathia vaginalis	anaerobic
Veillonellaceae bacterium DNF00626	Bacteria	Firmicutes	Negativicutes	Veillonellales	Veillonellaceae	NA	Veillonellaceae bacterium DNF00626	NA
Prevotella timonensis	Bacteria	Bacteroidetes	Bacteroidia	Bacteroidales	Prevotellaceae	Prevotella	Prevotella timonensis	anaerobic
Prevotella buccalis	Bacteria	Bacteroidetes	Bacteroidia	Bacteroidales	Prevotellaceae	Prevotella	Prevotella buccalis	anaerobic
Anaerococcus tetradius	Bacteria	Firmicutes	Tissierellia	Tissierellales	Peptoniphilaceae	Anaerococcus	Anaerococcus tetradius	anaerobic
Dialister micraerophilus	Bacteria	Firmicutes	Negativicutes	Veillonellales	Veillonellaceae	Dialister	Dialister micraerophilus	anaerobic
Peptoniphilus lacrimalis	Bacteria	Firmicutes	Tissierellia	Tissierellales	Peptoniphilaceae	Peptoniphilus	Peptoniphilus lacrimalis	anaerobic
Aerococcus christensenii	Bacteria	Firmicutes	Bacilli	Lactobacillales	Aerococcaceae	Aerococcus	Aerococcus christensenii	facultative_anaerobic
Mobiluncus curtisii	Bacteria	Actinobacteria	Actinomycetia	Actinomycetales	Actinomycetaceae	Mobiluncus	Mobiluncus curtisii	anaerobic
Tissierellia bacterium KA00581	Bacteria	Firmicutes	Tissierellia	NA	NA	NA	Tissierellia bacterium KA00581	NA
Prevotella bivia	Bacteria	Bacteroidetes	Bacteroidia	Bacteroidales	Prevotellaceae	Prevotella	Prevotella bivia	anaerobic
Lactobacillus jensenii	Bacteria	Firmicutes	Bacilli	Lactobacillales	Lactobacillaceae	Lactobacillus	Lactobacillus jensenii	facultative_anaerobic
Mageeibacillus indolicus	Bacteria	Firmicutes	Clostridia	Eubacteriales	Oscillospiraceae	Mageeibacillus	Mageeibacillus indolicus	NA
Gemella asaccharolytica	Bacteria	Firmicutes	Bacilli	Bacillales	NA	Gemella	Gemella asaccharolytica	facultative_anaerobic
Prevotella colorans	Bacteria	Bacteroidetes	Bacteroidia	Bacteroidales	Prevotellaceae	Prevotella	Prevotella colorans	anaerobic
Limosilactobacillus coleohominis	Bacteria	Firmicutes	Bacilli	Lactobacillales	Lactobacillaceae	Limosilactobacillus	Limosilactobacillus coleohominis	NA
Prevotella sp. S7-1-8	Bacteria	Bacteroidetes	Bacteroidia	Bacteroidales	Prevotellaceae	Prevotella	Prevotella sp. S7-1-8	anaerobic
Lactobacillus gasseri	Bacteria	Firmicutes	Bacilli	Lactobacillales	Lactobacillaceae	Lactobacillus	Lactobacillus gasseri	facultative_anaerobic
Metamycoplasma hominis	Bacteria	Tenericutes	NA	Mycoplasmoidales	Metamycoplasmataceae	Metamycoplasma	Metamycoplasma hominis	NA
Porphyromonas uenonis	Bacteria	Bacteroidetes	Bacteroidia	Bacteroidales	Porphyromonadaceae	Porphyromonas	Porphyromonas uenonis	anaerobic
Peptococcus niger	Bacteria	Firmicutes	Clostridia	Eubacteriales	Peptococcaceae	Peptococcus	Peptococcus niger	anaerobic
Peptoniphilus sp. BV3C26	Bacteria	Firmicutes	Tissierellia	Tissierellales	Peptoniphilaceae	Peptoniphilus	Peptoniphilus sp. BV3C26	anaerobic
Ezakiella coagulans	Bacteria	Firmicutes	Tissierellia	NA	NA	Ezakiella	Ezakiella coagulans	anaerobic
Porphyromonas asaccharolytica	Bacteria	Bacteroidetes	Bacteroidia	Bacteroidales	Porphyromonadaceae	Porphyromonas	Porphyromonas asaccharolytica	anaerobic
Peptoniphilus duerdenii	Bacteria	Firmicutes	Tissierellia	Tissierellales	Peptoniphilaceae	Peptoniphilus	Peptoniphilus duerdenii	anaerobic
Mobiluncus mulieris	Bacteria	Actinobacteria	Actinomycetia	Actinomycetales	Actinomycetaceae	Mobiluncus	Mobiluncus mulieris	anaerobic
Peptoniphilus harei	Bacteria	Firmicutes	Tissierellia	Tissierellales	Peptoniphilaceae	Peptoniphilus	Peptoniphilus harei	anaerobic
Winkia neuii	Bacteria	Actinobacteria	Actinomycetia	Actinomycetales	Actinomycetaceae	Winkia	Winkia neuii	NA
Anaerococcus lactolyticus	Bacteria	Firmicutes	Tissierellia	Tissierellales	Peptoniphilaceae	Anaerococcus	Anaerococcus lactolyticus	anaerobic
Atopobium deltae	Bacteria	Actinobacteria	Coriobacteriia	Coriobacteriales	Atopobiaceae	Atopobium	Atopobium deltae	facultative_anaerobic
Ureaplasma parvum	Bacteria	Tenericutes	Mollicutes	Mycoplasmatales	Mycoplasmataceae	Ureaplasma	Ureaplasma parvum	facultative_anaerobic
Varibaculum cambriense	Bacteria	Actinobacteria	Actinomycetia	Actinomycetales	Actinomycetaceae	Varibaculum	Varibaculum cambriense	NA
Atopobium minutum	Bacteria	Actinobacteria	Coriobacteriia	Coriobacteriales	Atopobiaceae	Atopobium	Atopobium minutum	facultative_anaerobic
Lactobacillus paragasseri	Bacteria	Firmicutes	Bacilli	Lactobacillales	Lactobacillaceae	Lactobacillus	Lactobacillus paragasseri	facultative_anaerobic
Prevotella bergensis	Bacteria	Bacteroidetes	Bacteroidia	Bacteroidales	Prevotellaceae	Prevotella	Prevotella bergensis	anaerobic
Peptoniphilus coxii	Bacteria	Firmicutes	Tissierellia	Tissierellales	Peptoniphilaceae	Peptoniphilus	Peptoniphilus coxii	anaerobic
Neisseria perflava	Bacteria	Proteobacteria	Betaproteobacteria	Neisseriales	Neisseriaceae	Neisseria	Neisseria perflava	aerobic
Prevotella shahii	Bacteria	Bacteroidetes	Bacteroidia	Bacteroidales	Prevotellaceae	Prevotella	Prevotella shahii	anaerobic
Lachnospiraceae bacterium oral taxon 096	Bacteria	Firmicutes	Clostridia	Eubacteriales	Lachnospiraceae	NA	Lachnospiraceae bacterium oral taxon 096	NA
[Eubacterium] sulci	Bacteria	Firmicutes	Clostridia	Eubacteriales	Eubacteriales Family XIII. Incertae Sedis	NA	[Eubacterium] sulci	NA
Oribacterium parvum	Bacteria	Firmicutes	Clostridia	Eubacteriales	Lachnospiraceae	Oribacterium	Oribacterium parvum	anaerobic
Tannerella serpentiformis	Bacteria	Bacteroidetes	Bacteroidia	Bacteroidales	Tannerellaceae	Tannerella	Tannerella serpentiformis	anaerobic
Mogibacterium diversum	Bacteria	Firmicutes	Clostridia	Eubacteriales	Eubacteriales Family XIII. Incertae Sedis	Mogibacterium	Mogibacterium diversum	anaerobic
Alloprevotella tannerae	Bacteria	Bacteroidetes	Bacteroidia	Bacteroidales	Prevotellaceae	Alloprevotella	Alloprevotella tannerae	anaerobic
Prevotella jejuni	Bacteria	Bacteroidetes	Bacteroidia	Bacteroidales	Prevotellaceae	Prevotella	Prevotella jejuni	anaerobic
Lachnoanaerobaculum umeaense	Bacteria	Firmicutes	Clostridia	Eubacteriales	Lachnospiraceae	Lachnoanaerobaculum	Lachnoanaerobaculum umeaense	anaerobic
Veillonella tobetsuensis	Bacteria	Firmicutes	Negativicutes	Veillonellales	Veillonellaceae	Veillonella	Veillonella tobetsuensis	anaerobic
Treponema sp. OMZ 838	Bacteria	Spirochaetes	Spirochaetia	Spirochaetales	Treponemataceae	Treponema	Treponema sp. OMZ 838	anaerobic
Neisseria sp. oral taxon 014	Bacteria	Proteobacteria	Betaproteobacteria	Neisseriales	Neisseriaceae	Neisseria	Neisseria sp. oral taxon 014	aerobic
Treponema socranskii	Bacteria	Spirochaetes	Spirochaetia	Spirochaetales	Treponemataceae	Treponema	Treponema socranskii	anaerobic
Peptostreptococcus stomatis	Bacteria	Firmicutes	Clostridia	Eubacteriales	Peptostreptococcaceae	Peptostreptococcus	Peptostreptococcus stomatis	anaerobic
Alloscardovia omnicolens	Bacteria	Actinobacteria	Actinomycetia	Bifidobacteriales	Bifidobacteriaceae	Alloscardovia	Alloscardovia omnicolens	anaerobic
Campylobacter mucosalis	Bacteria	Proteobacteria	Epsilonproteobacteria	Campylobacterales	Campylobacteraceae	Campylobacter	Campylobacter mucosalis	facultative_anaerobic
Streptococcus peroris	Bacteria	Firmicutes	Bacilli	Lactobacillales	Streptococcaceae	Streptococcus	Streptococcus peroris	facultative_anaerobic
Neisseria elongata	Bacteria	Proteobacteria	Betaproteobacteria	Neisseriales	Neisseriaceae	Neisseria	Neisseria elongata	aerobic
Alloprevotella rava	Bacteria	Bacteroidetes	Bacteroidia	Bacteroidales	Prevotellaceae	Alloprevotella	Alloprevotella rava	anaerobic
Treponema denticola	Bacteria	Spirochaetes	Spirochaetia	Spirochaetales	Treponemataceae	Treponema	Treponema denticola	anaerobic
Mogibacterium pumilum	Bacteria	Firmicutes	Clostridia	Eubacteriales	Eubacteriales Family XIII. Incertae Sedis	Mogibacterium	Mogibacterium pumilum	anaerobic
Porphyromonas endodontalis	Bacteria	Bacteroidetes	Bacteroidia	Bacteroidales	Porphyromonadaceae	Porphyromonas	Porphyromonas endodontalis	anaerobic
Bacteroidetes oral taxon 274	Bacteria	Bacteroidetes	NA	NA	NA	NA	Bacteroidetes oral taxon 274	NA
Prevotella oulorum	Bacteria	Bacteroidetes	Bacteroidia	Bacteroidales	Prevotellaceae	Prevotella	Prevotella oulorum	anaerobic
Capnocytophaga sp. oral taxon 332	Bacteria	Bacteroidetes	Flavobacteriia	Flavobacteriales	Flavobacteriaceae	Capnocytophaga	Capnocytophaga sp. oral taxon 332	facultative_anaerobic
Prevotella denticola	Bacteria	Bacteroidetes	Bacteroidia	Bacteroidales	Prevotellaceae	Prevotella	Prevotella denticola	anaerobic
Prevotella scopos	Bacteria	Bacteroidetes	Bacteroidia	Bacteroidales	Prevotellaceae	Prevotella	Prevotella scopos	anaerobic
Leptotrichia buccalis	Bacteria	Fusobacteria	Fusobacteriia	Fusobacteriales	Leptotrichiaceae	Leptotrichia	Leptotrichia buccalis	anaerobic
Selenomonas sputigena	Bacteria	Firmicutes	Negativicutes	Selenomonadales	Selenomonadaceae	Selenomonas	Selenomonas sputigena	anaerobic
Porphyromonas catoniae	Bacteria	Bacteroidetes	Bacteroidia	Bacteroidales	Porphyromonadaceae	Porphyromonas	Porphyromonas catoniae	anaerobic
Streptococcus sp. M334	Bacteria	Firmicutes	Bacilli	Lactobacillales	Streptococcaceae	Streptococcus	Streptococcus sp. M334	facultative_anaerobic
Prevotella veroralis	Bacteria	Bacteroidetes	Bacteroidia	Bacteroidales	Prevotellaceae	Prevotella	Prevotella veroralis	anaerobic
Slackia exigua	Bacteria	Actinobacteria	Coriobacteriia	Eggerthellales	Eggerthellaceae	Slackia	Slackia exigua	anaerobic
Parvimonas sp. oral taxon 110	Bacteria	Firmicutes	Tissierellia	Tissierellales	Peptoniphilaceae	Parvimonas	Parvimonas sp. oral taxon 110	anaerobic
Pseudoleptotrichia goodfellowii	Bacteria	Fusobacteria	Fusobacteriia	Fusobacteriales	Leptotrichiaceae	Pseudoleptotrichia	Pseudoleptotrichia goodfellowii	NA
Treponema medium	Bacteria	Spirochaetes	Spirochaetia	Spirochaetales	Treponemataceae	Treponema	Treponema medium	anaerobic
Haemophilus pittmaniae	Bacteria	Proteobacteria	Gammaproteobacteria	Pasteurellales	Pasteurellaceae	Haemophilus	Haemophilus pittmaniae	facultative_anaerobic
Fusobacterium hwasookii	Bacteria	Fusobacteria	Fusobacteriia	Fusobacteriales	Fusobacteriaceae	Fusobacterium	Fusobacterium hwasookii	anaerobic
Porphyromonas canoris	Bacteria	Bacteroidetes	Bacteroidia	Bacteroidales	Porphyromonadaceae	Porphyromonas	Porphyromonas canoris	anaerobic
Olsenella uli	Bacteria	Actinobacteria	Coriobacteriia	Coriobacteriales	Atopobiaceae	Olsenella	Olsenella uli	NA
Prevotella sp. oral taxon 306	Bacteria	Bacteroidetes	Bacteroidia	Bacteroidales	Prevotellaceae	Prevotella	Prevotella sp. oral taxon 306	anaerobic
Selenomonas flueggei	Bacteria	Firmicutes	Negativicutes	Selenomonadales	Selenomonadaceae	Selenomonas	Selenomonas flueggei	anaerobic
Porphyromonas sp. oral taxon 278	Bacteria	Bacteroidetes	Bacteroidia	Bacteroidales	Porphyromonadaceae	Porphyromonas	Porphyromonas sp. oral taxon 278	anaerobic
Aggregatibacter aphrophilus	Bacteria	Proteobacteria	Gammaproteobacteria	Pasteurellales	Pasteurellaceae	Aggregatibacter	Aggregatibacter aphrophilus	facultative_anaerobic
[Eubacterium] yurii	Bacteria	Firmicutes	Clostridia	Eubacteriales	Peptostreptococcaceae	Peptoanaerobacter	[Eubacterium] yurii	NA
Prevotella buccae	Bacteria	Bacteroidetes	Bacteroidia	Bacteroidales	Prevotellaceae	Prevotella	Prevotella buccae	anaerobic
Anaeroglobus geminatus	Bacteria	Firmicutes	Negativicutes	Veillonellales	Veillonellaceae	Anaeroglobus	Anaeroglobus geminatus	anaerobic
Parvimonas sp. oral taxon 393	Bacteria	Firmicutes	Tissierellia	Tissierellales	Peptoniphilaceae	Parvimonas	Parvimonas sp. oral taxon 393	anaerobic
Tannerella forsythia	Bacteria	Bacteroidetes	Bacteroidia	Bacteroidales	Tannerellaceae	Tannerella	Tannerella forsythia	anaerobic
[Eubacterium] infirmum	Bacteria	Firmicutes	Clostridia	Eubacteriales	Eubacteriales Family XIII. Incertae Sedis	NA	[Eubacterium] infirmum	NA
Actinomyces sp. oral taxon 414	Bacteria	Actinobacteria	Actinomycetia	Actinomycetales	Actinomycetaceae	Actinomyces	Actinomyces sp. oral taxon 414	anaerobic
Ottowia sp. oral taxon 894	Bacteria	Proteobacteria	Betaproteobacteria	Burkholderiales	Comamonadaceae	Ottowia	Ottowia sp. oral taxon 894	NA
Treponema maltophilum	Bacteria	Spirochaetes	Spirochaetia	Spirochaetales	Treponemataceae	Treponema	Treponema maltophilum	anaerobic
Selenomonas sp. oral taxon 892	Bacteria	Firmicutes	Negativicutes	Selenomonadales	Selenomonadaceae	Selenomonas	Selenomonas sp. oral taxon 892	anaerobic
Prevotella saccharolytica	Bacteria	Bacteroidetes	Bacteroidia	Bacteroidales	Prevotellaceae	Prevotella	Prevotella saccharolytica	anaerobic
Johnsonella ignava	Bacteria	Firmicutes	Clostridia	Eubacteriales	Lachnospiraceae	Johnsonella	Johnsonella ignava	anaerobic
Catonella morbi	Bacteria	Firmicutes	Clostridia	Eubacteriales	Lachnospiraceae	Catonella	Catonella morbi	anaerobic
Pauljensenia hongkongensis	Bacteria	Actinobacteria	Actinomycetia	Actinomycetales	Actinomycetaceae	Pauljensenia	Pauljensenia hongkongensis	NA
Prevotella micans	Bacteria	Bacteroidetes	Bacteroidia	Bacteroidales	Prevotellaceae	Prevotella	Prevotella micans	anaerobic
Schaalia georgiae	Bacteria	Actinobacteria	Actinomycetia	Actinomycetales	Actinomycetaceae	Schaalia	Schaalia georgiae	NA
Selenomonas artemidis	Bacteria	Firmicutes	Negativicutes	Selenomonadales	Selenomonadaceae	Selenomonas	Selenomonas artemidis	anaerobic
Prevotella maculosa	Bacteria	Bacteroidetes	Bacteroidia	Bacteroidales	Prevotellaceae	Prevotella	Prevotella maculosa	anaerobic
Prevotella enoeca	Bacteria	Bacteroidetes	Bacteroidia	Bacteroidales	Prevotellaceae	Prevotella	Prevotella enoeca	anaerobic
Centipeda periodontii	Bacteria	Firmicutes	Negativicutes	Selenomonadales	Selenomonadaceae	Centipeda	Centipeda periodontii	NA
Campylobacter curvus	Bacteria	Proteobacteria	Epsilonproteobacteria	Campylobacterales	Campylobacteraceae	Campylobacter	Campylobacter curvus	facultative_anaerobic
Selenomonas sp. FOBRC6	Bacteria	Firmicutes	Negativicutes	Selenomonadales	Selenomonadaceae	Selenomonas	Selenomonas sp. FOBRC6	anaerobic
Neisseria gonorrhoeae	Bacteria	Proteobacteria	Betaproteobacteria	Neisseriales	Neisseriaceae	Neisseria	Neisseria gonorrhoeae	aerobic
Selenomonas sp. oral taxon 920	Bacteria	Firmicutes	Negativicutes	Selenomonadales	Selenomonadaceae	Selenomonas	Selenomonas sp. oral taxon 920	anaerobic
Selenomonas sp. oral taxon 138	Bacteria	Firmicutes	Negativicutes	Selenomonadales	Selenomonadaceae	Selenomonas	Selenomonas sp. oral taxon 138	anaerobic
Treponema vincentii	Bacteria	Spirochaetes	Spirochaetia	Spirochaetales	Treponemataceae	Treponema	Treponema vincentii	anaerobic
Neisseria mucosa	Bacteria	Proteobacteria	Betaproteobacteria	Neisseriales	Neisseriaceae	Neisseria	Neisseria mucosa	aerobic
Campylobacter rectus	Bacteria	Proteobacteria	Epsilonproteobacteria	Campylobacterales	Campylobacteraceae	Campylobacter	Campylobacter rectus	facultative_anaerobic
Selenomonas sp. oral taxon 126	Bacteria	Firmicutes	Negativicutes	Selenomonadales	Selenomonadaceae	Selenomonas	Selenomonas sp. oral taxon 126	anaerobic
Prevotella copri	Bacteria	Bacteroidetes	Bacteroidia	Bacteroidales	Prevotellaceae	Prevotella	Prevotella copri	anaerobic
Butyrivibrio crossotus	Bacteria	Firmicutes	Clostridia	Eubacteriales	Lachnospiraceae	Butyrivibrio	Butyrivibrio crossotus	anaerobic
Phocaeicola massiliensis	Bacteria	Bacteroidetes	Bacteroidia	Bacteroidales	Bacteroidaceae	Phocaeicola	Phocaeicola massiliensis	anaerobic
Catenibacterium mitsuokai	Bacteria	Firmicutes	Erysipelotrichia	Erysipelotrichales	Coprobacillaceae	Catenibacterium	Catenibacterium mitsuokai	NA
Eubacterium sp. CAG:180	Bacteria	Firmicutes	Clostridia	Eubacteriales	Eubacteriaceae	Eubacterium	Eubacterium sp. CAG:180	NA
[Eubacterium] siraeum	Bacteria	Firmicutes	Clostridia	Eubacteriales	Oscillospiraceae	NA	[Eubacterium] siraeum	NA
Bacteroides finegoldii	Bacteria	Bacteroidetes	Bacteroidia	Bacteroidales	Bacteroidaceae	Bacteroides	Bacteroides finegoldii	anaerobic
Bacteroides eggerthii	Bacteria	Bacteroidetes	Bacteroidia	Bacteroidales	Bacteroidaceae	Bacteroides	Bacteroides eggerthii	anaerobic
Bacteroides faecichinchillae	Bacteria	Bacteroidetes	Bacteroidia	Bacteroidales	Bacteroidaceae	Bacteroides	Bacteroides faecichinchillae	anaerobic
Coprobacter fastidiosus	Bacteria	Bacteroidetes	Bacteroidia	Bacteroidales	Barnesiellaceae	Coprobacter	Coprobacter fastidiosus	NA
Desulfovibrionaceae bacterium	Bacteria	Proteobacteria	Deltaproteobacteria	Desulfovibrionales	Desulfovibrionaceae	NA	Desulfovibrionaceae bacterium	NA
Methanobrevibacter smithii	Archaea	Euryarchaeota	Methanobacteria	Methanobacteriales	Methanobacteriaceae	Methanobrevibacter	Methanobrevibacter smithii	NA
Bacteroides salyersiae	Bacteria	Bacteroidetes	Bacteroidia	Bacteroidales	Bacteroidaceae	Bacteroides	Bacteroides salyersiae	anaerobic
[Ruminococcus] lactaris	Bacteria	Firmicutes	Clostridia	Eubacteriales	Lachnospiraceae	Mediterraneibacter	[Ruminococcus] lactaris	NA
Roseburia sp. CAG:471	Bacteria	Firmicutes	Clostridia	Eubacteriales	Lachnospiraceae	Roseburia	Roseburia sp. CAG:471	anaerobic
Clostridium sp. CAG:167	Bacteria	Firmicutes	Clostridia	Eubacteriales	Clostridiaceae	Clostridium	Clostridium sp. CAG:167	NA
Bacteroides nordii	Bacteria	Bacteroidetes	Bacteroidia	Bacteroidales	Bacteroidaceae	Bacteroides	Bacteroides nordii	anaerobic
Bifidobacterium adolescentis	Bacteria	Actinobacteria	Actinomycetia	Bifidobacteriales	Bifidobacteriaceae	Bifidobacterium	Bifidobacterium adolescentis	facultative_anaerobic
Alistipes onderdonkii	Bacteria	Bacteroidetes	Bacteroidia	Bacteroidales	Rikenellaceae	Alistipes	Alistipes onderdonkii	NA
Roseburia sp. CAG:182	Bacteria	Firmicutes	Clostridia	Eubacteriales	Lachnospiraceae	Roseburia	Roseburia sp. CAG:182	anaerobic
Coprococcus catus	Bacteria	Firmicutes	Clostridia	Eubacteriales	Lachnospiraceae	Coprococcus	Coprococcus catus	NA
Bacteroides intestinalis	Bacteria	Bacteroidetes	Bacteroidia	Bacteroidales	Bacteroidaceae	Bacteroides	Bacteroides intestinalis	anaerobic
Sharpea azabuensis	Bacteria	Firmicutes	Erysipelotrichia	Erysipelotrichales	Coprobacillaceae	Sharpea	Sharpea azabuensis	NA
Slackia isoflavoniconvertens	Bacteria	Actinobacteria	Coriobacteriia	Eggerthellales	Eggerthellaceae	Slackia	Slackia isoflavoniconvertens	anaerobic
Turicibacter sanguinis	Bacteria	Firmicutes	Erysipelotrichia	Erysipelotrichales	Turicibacteraceae	Turicibacter	Turicibacter sanguinis	NA
Firmicutes bacterium CAG:238	Bacteria	Firmicutes	NA	NA	NA	NA	Firmicutes bacterium CAG:238	NA
Ruminococcaceae bacterium D5	Bacteria	Firmicutes	Clostridia	Eubacteriales	Oscillospiraceae	NA	Ruminococcaceae bacterium D5	NA
Firmicutes bacterium CAG:170	Bacteria	Firmicutes	NA	NA	NA	NA	Firmicutes bacterium CAG:170	NA
Morococcus cerebrosus	Bacteria	Proteobacteria	Betaproteobacteria	Neisseriales	Neisseriaceae	Morococcus	Morococcus cerebrosus	NA
Neisseria cinerea	Bacteria	Proteobacteria	Betaproteobacteria	Neisseriales	Neisseriaceae	Neisseria	Neisseria cinerea	aerobic
Fusobacterium sp. oral taxon 370	Bacteria	Fusobacteria	Fusobacteriia	Fusobacteriales	Fusobacteriaceae	Fusobacterium	Fusobacterium sp. oral taxon 370	anaerobic
Tannerella sp. oral taxon 808	Bacteria	Bacteroidetes	Bacteroidia	Bacteroidales	Tannerellaceae	Tannerella	Tannerella sp. oral taxon 808	anaerobic
Prevotella sp. F0091	Bacteria	Bacteroidetes	Bacteroidia	Bacteroidales	Prevotellaceae	Prevotella	Prevotella sp. F0091	anaerobic
Streptococcus sp. SK643	Bacteria	Firmicutes	Bacilli	Lactobacillales	Streptococcaceae	Streptococcus	Streptococcus sp. SK643	facultative_anaerobic
Neisseria meningitidis	Bacteria	Proteobacteria	Betaproteobacteria	Neisseriales	Neisseriaceae	Neisseria	Neisseria meningitidis	aerobic
Neisseria macacae	Bacteria	Proteobacteria	Betaproteobacteria	Neisseriales	Neisseriaceae	Neisseria	Neisseria macacae	aerobic
Streptococcus sp. oral taxon 058	Bacteria	Firmicutes	Bacilli	Lactobacillales	Streptococcaceae	Streptococcus	Streptococcus sp. oral taxon 058	facultative_anaerobic
Candida albicans	Eukaryota	Ascomycota	Saccharomycetes	Saccharomycetales	Debaryomycetaceae	Candida	Candida albicans	NA
Neisseria bacilliformis	Bacteria	Proteobacteria	Betaproteobacteria	Neisseriales	Neisseriaceae	Neisseria	Neisseria bacilliformis	aerobic
Neisseria sp. HMSC064E01	Bacteria	Proteobacteria	Betaproteobacteria	Neisseriales	Neisseriaceae	Neisseria	Neisseria sp. HMSC064E01	aerobic
Selenomonas sp. F0473	Bacteria	Firmicutes	Negativicutes	Selenomonadales	Selenomonadaceae	Selenomonas	Selenomonas sp. F0473	anaerobic
Phocaeicola coprocola	Bacteria	Bacteroidetes	Bacteroidia	Bacteroidales	Bacteroidaceae	Phocaeicola	Phocaeicola coprocola	anaerobic
Acidaminococcus intestini	Bacteria	Firmicutes	Negativicutes	Acidaminococcales	Acidaminococcaceae	Acidaminococcus	Acidaminococcus intestini	NA
Ruminococcus sp. CAG:330	Bacteria	Firmicutes	Clostridia	Eubacteriales	Oscillospiraceae	Ruminococcus	Ruminococcus sp. CAG:330	NA
Anaeromassilibacillus sp. An250	Bacteria	Firmicutes	Clostridia	Eubacteriales	Oscillospiraceae	Anaeromassilibacillus	Anaeromassilibacillus sp. An250	NA
Anaerotruncus colihominis	Bacteria	Firmicutes	Clostridia	Eubacteriales	Oscillospiraceae	Anaerotruncus	Anaerotruncus colihominis	NA
Harryflintia acetispora	Bacteria	Firmicutes	Clostridia	Eubacteriales	Oscillospiraceae	Harryflintia	Harryflintia acetispora	NA
Firmicutes bacterium CAG:94	Bacteria	Firmicutes	NA	NA	NA	NA	Firmicutes bacterium CAG:94	NA
Lachnoclostridium sp. An138	Bacteria	Firmicutes	Clostridia	Eubacteriales	Lachnospiraceae	Lachnoclostridium	Lachnoclostridium sp. An138	NA
Massilimicrobiota timonensis	Bacteria	Firmicutes	Erysipelotrichia	Erysipelotrichales	Erysipelotrichaceae	Massilimicrobiota	Massilimicrobiota timonensis	NA
Ruminococcaceae bacterium D16	Bacteria	Firmicutes	Clostridia	Eubacteriales	Oscillospiraceae	NA	Ruminococcaceae bacterium D16	NA
Neisseria lactamica	Bacteria	Proteobacteria	Betaproteobacteria	Neisseriales	Neisseriaceae	Neisseria	Neisseria lactamica	aerobic
Streptococcus milleri	Bacteria	Firmicutes	Bacilli	Lactobacillales	Streptococcaceae	Streptococcus	Streptococcus milleri	facultative_anaerobic
Filifactor alocis	Bacteria	Firmicutes	Clostridia	Eubacteriales	Peptostreptococcaceae	Filifactor	Filifactor alocis	anaerobic
Prevotella fusca	Bacteria	Bacteroidetes	Bacteroidia	Bacteroidales	Prevotellaceae	Prevotella	Prevotella fusca	anaerobic
Prevotella oralis	Bacteria	Bacteroidetes	Bacteroidia	Bacteroidales	Prevotellaceae	Prevotella	Prevotella oralis	anaerobic
Actinomyces sp. oral taxon 897	Bacteria	Actinobacteria	Actinomycetia	Actinomycetales	Actinomycetaceae	Actinomyces	Actinomyces sp. oral taxon 897	anaerobic
Veillonella rodentium	Bacteria	Firmicutes	Negativicutes	Veillonellales	Veillonellaceae	Veillonella	Veillonella rodentium	anaerobic
Shuttleworthia satelles	Bacteria	Firmicutes	Clostridia	Eubacteriales	Lachnospiraceae	Shuttleworthia	Shuttleworthia satelles	anaerobic
Corynebacterium pseudodiphtheriticum	Bacteria	Actinobacteria	Actinomycetia	Corynebacteriales	Corynebacteriaceae	Corynebacterium	Corynebacterium pseudodiphtheriticum	aerobic
Anaerococcus octavius	Bacteria	Firmicutes	Tissierellia	Tissierellales	Peptoniphilaceae	Anaerococcus	Anaerococcus octavius	anaerobic
Limosilactobacillus vaginalis	Bacteria	Firmicutes	Bacilli	Lactobacillales	Lactobacillaceae	Limosilactobacillus	Limosilactobacillus vaginalis	NA
Finegoldia magna	Bacteria	Firmicutes	Tissierellia	Tissierellales	Peptoniphilaceae	Finegoldia	Finegoldia magna	NA
Campylobacter ureolyticus	Bacteria	Proteobacteria	Epsilonproteobacteria	Campylobacterales	Campylobacteraceae	Campylobacter	Campylobacter ureolyticus	facultative_anaerobic
Faecalitalea cylindroides	Bacteria	Firmicutes	Erysipelotrichia	Erysipelotrichales	Erysipelotrichaceae	Faecalitalea	Faecalitalea cylindroides	NA
Enterocloster bolteae	Bacteria	Firmicutes	Clostridia	Eubacteriales	Lachnospiraceae	Enterocloster	Enterocloster bolteae	NA
Blautia sp. CAG:257	Bacteria	Firmicutes	Clostridia	Eubacteriales	Lachnospiraceae	Blautia	Blautia sp. CAG:257	anaerobic
Eubacterium dolichum CAG:375	Bacteria	Firmicutes	Clostridia	Eubacteriales	Eubacteriaceae	Eubacterium	Eubacterium dolichum CAG:375	NA
Amedibacillus dolichus	Bacteria	Firmicutes	Erysipelotrichia	Erysipelotrichales	Erysipelotrichaceae	Amedibacillus	Amedibacillus dolichus	NA
Clostridium bolteae CAG:59	Bacteria	Firmicutes	Clostridia	Eubacteriales	Clostridiaceae	Clostridium	Clostridium bolteae CAG:59	NA
Bacteroides faecis	Bacteria	Bacteroidetes	Bacteroidia	Bacteroidales	Bacteroidaceae	Bacteroides	Bacteroides faecis	anaerobic
Enterocloster lavalensis	Bacteria	Firmicutes	Clostridia	Eubacteriales	Lachnospiraceae	Enterocloster	Enterocloster lavalensis	NA
Lacrimispora saccharolytica	Bacteria	Firmicutes	Clostridia	Eubacteriales	Lachnospiraceae	Lacrimispora	Lacrimispora saccharolytica	NA
Enterocloster clostridioformis	Bacteria	Firmicutes	Clostridia	Eubacteriales	Lachnospiraceae	Enterocloster	Enterocloster clostridioformis	NA
[Clostridium] symbiosum	Bacteria	Firmicutes	Clostridia	Eubacteriales	Lachnospiraceae	Lachnoclostridium	[Clostridium] symbiosum	NA
Phocaeicola plebeius	Bacteria	Bacteroidetes	Bacteroidia	Bacteroidales	Bacteroidaceae	Phocaeicola	Phocaeicola plebeius	anaerobic
Blautia hydrogenotrophica	Bacteria	Firmicutes	Clostridia	Eubacteriales	Lachnospiraceae	Blautia	Blautia hydrogenotrophica	anaerobic
Ruminococcus sp. CAG:403	Bacteria	Firmicutes	Clostridia	Eubacteriales	Oscillospiraceae	Ruminococcus	Ruminococcus sp. CAG:403	NA
[Ruminococcus] gnavus	Bacteria	Firmicutes	Clostridia	Eubacteriales	Lachnospiraceae	Mediterraneibacter	[Ruminococcus] gnavus	NA
Lactococcus lactis	Bacteria	Firmicutes	Bacilli	Lactobacillales	Streptococcaceae	Lactococcus	Lactococcus lactis	facultative_anaerobic
Roseburia sp. CAG:309	Bacteria	Firmicutes	Clostridia	Eubacteriales	Lachnospiraceae	Roseburia	Roseburia sp. CAG:309	anaerobic
Romboutsia ilealis	Bacteria	Firmicutes	Clostridia	Eubacteriales	Peptostreptococcaceae	Romboutsia	Romboutsia ilealis	NA
Peptoanaerobacter stomatis	Bacteria	Firmicutes	Clostridia	Eubacteriales	Peptostreptococcaceae	Peptoanaerobacter	Peptoanaerobacter stomatis	NA
Streptococcus sp. NLAE-zl-C503	Bacteria	Firmicutes	Bacilli	Lactobacillales	Streptococcaceae	Streptococcus	Streptococcus sp. NLAE-zl-C503	facultative_anaerobic
Treponema lecithinolyticum	Bacteria	Spirochaetes	Spirochaetia	Spirochaetales	Treponemataceae	Treponema	Treponema lecithinolyticum	anaerobic
Prevotella marshii	Bacteria	Bacteroidetes	Bacteroidia	Bacteroidales	Prevotellaceae	Prevotella	Prevotella marshii	anaerobic
Limnochorda pilosa	Bacteria	Firmicutes	Limnochordia	Limnochordales	Limnochordaceae	Limnochorda	Limnochorda pilosa	NA
Lactobacillus crispatus	Bacteria	Firmicutes	Bacilli	Lactobacillales	Lactobacillaceae	Lactobacillus	Lactobacillus crispatus	facultative_anaerobic
Moraxella nonliquefaciens	Bacteria	Proteobacteria	Gammaproteobacteria	Moraxellales	Moraxellaceae	Moraxella	Moraxella nonliquefaciens	aerobic
Dolosigranulum pigrum	Bacteria	Firmicutes	Bacilli	Lactobacillales	Carnobacteriaceae	Dolosigranulum	Dolosigranulum pigrum	NA
Cutibacterium granulosum	Bacteria	Actinobacteria	Actinomycetia	Propionibacteriales	Propionibacteriaceae	Cutibacterium	Cutibacterium granulosum	NA
Corynebacterium pseudogenitalium	Bacteria	Actinobacteria	Actinomycetia	Corynebacteriales	Corynebacteriaceae	Corynebacterium	Corynebacterium pseudogenitalium	aerobic
Cutibacterium avidum	Bacteria	Actinobacteria	Actinomycetia	Propionibacteriales	Propionibacteriaceae	Cutibacterium	Cutibacterium avidum	NA
Cloacibacterium normanense	Bacteria	Bacteroidetes	Flavobacteriia	Flavobacteriales	Weeksellaceae	Cloacibacterium	Cloacibacterium normanense	NA
Anaerotignum lactatifermentans	Bacteria	Firmicutes	Clostridia	Eubacteriales	Lachnospiraceae	Anaerotignum	Anaerotignum lactatifermentans	NA
Lachnoclostridium sp. An14	Bacteria	Firmicutes	Clostridia	Eubacteriales	Lachnospiraceae	Lachnoclostridium	Lachnoclostridium sp. An14	NA
Intestinibacter bartlettii	Bacteria	Firmicutes	Clostridia	Eubacteriales	Peptostreptococcaceae	Intestinibacter	Intestinibacter bartlettii	NA
Erysipelatoclostridium ramosum	Bacteria	Firmicutes	Erysipelotrichia	Erysipelotrichales	Erysipelotrichaceae	Erysipelatoclostridium	Erysipelatoclostridium ramosum	NA
Eisenbergiella tayi	Bacteria	Firmicutes	Clostridia	Eubacteriales	Lachnospiraceae	Eisenbergiella	Eisenbergiella tayi	NA
Eubacterium sp. CAG:274	Bacteria	Firmicutes	Clostridia	Eubacteriales	Eubacteriaceae	Eubacterium	Eubacterium sp. CAG:274	NA
Clostridiales bacterium 1_7_47FAA	Bacteria	Firmicutes	Clostridia	Eubacteriales	NA	NA	Clostridiales bacterium 1_7_47FAA	NA
Blautia sp. An249	Bacteria	Firmicutes	Clostridia	Eubacteriales	Lachnospiraceae	Blautia	Blautia sp. An249	anaerobic
Dorea sp. CAG:317	Bacteria	Firmicutes	Clostridia	Eubacteriales	Lachnospiraceae	Dorea	Dorea sp. CAG:317	NA
Aerococcus urinaeequi	Bacteria	Firmicutes	Bacilli	Lactobacillales	Aerococcaceae	Aerococcus	Aerococcus urinaeequi	facultative_anaerobic
Prevotella stercorea	Bacteria	Bacteroidetes	Bacteroidia	Bacteroidales	Prevotellaceae	Prevotella	Prevotella stercorea	anaerobic
Prevotella sp. CAG:279	Bacteria	Bacteroidetes	Bacteroidia	Bacteroidales	Prevotellaceae	Prevotella	Prevotella sp. CAG:279	anaerobic
Paraprevotella xylaniphila	Bacteria	Bacteroidetes	Bacteroidia	Bacteroidales	Prevotellaceae	Paraprevotella	Paraprevotella xylaniphila	NA
Phocaeicola coprophilus	Bacteria	Bacteroidetes	Bacteroidia	Bacteroidales	Bacteroidaceae	Phocaeicola	Phocaeicola coprophilus	anaerobic
Eubacterium sp. CAG:251	Bacteria	Firmicutes	Clostridia	Eubacteriales	Eubacteriaceae	Eubacterium	Eubacterium sp. CAG:251	NA
[Bacteroides] pectinophilus	Bacteria	Firmicutes	Clostridia	Eubacteriales	NA	NA	[Bacteroides] pectinophilus	NA
Clostridium sp. CAG:253	Bacteria	Firmicutes	Clostridia	Eubacteriales	Clostridiaceae	Clostridium	Clostridium sp. CAG:253	NA
Bacteroides sp. CAG:144	Bacteria	Bacteroidetes	Bacteroidia	Bacteroidales	Bacteroidaceae	Bacteroides	Bacteroides sp. CAG:144	anaerobic
Ligilactobacillus ruminis	Bacteria	Firmicutes	Bacilli	Lactobacillales	Lactobacillaceae	Ligilactobacillus	Ligilactobacillus ruminis	NA
Coprobacter secundus	Bacteria	Bacteroidetes	Bacteroidia	Bacteroidales	Barnesiellaceae	Coprobacter	Coprobacter secundus	NA
Clostridium disporicum	Bacteria	Firmicutes	Clostridia	Eubacteriales	Clostridiaceae	Clostridium	Clostridium disporicum	NA
Paraprevotella clara	Bacteria	Bacteroidetes	Bacteroidia	Bacteroidales	Prevotellaceae	Paraprevotella	Paraprevotella clara	NA
Ruminococcus sp. CAG:563	Bacteria	Firmicutes	Clostridia	Eubacteriales	Oscillospiraceae	Ruminococcus	Ruminococcus sp. CAG:563	NA
Clostridium perfringens	Bacteria	Firmicutes	Clostridia	Eubacteriales	Clostridiaceae	Clostridium	Clostridium perfringens	NA
Ruminococcus callidus	Bacteria	Firmicutes	Clostridia	Eubacteriales	Oscillospiraceae	Ruminococcus	Ruminococcus callidus	NA
Clostridium sp. CAG:413	Bacteria	Firmicutes	Clostridia	Eubacteriales	Clostridiaceae	Clostridium	Clostridium sp. CAG:413	NA
Holdemanella biformis	Bacteria	Firmicutes	Erysipelotrichia	Erysipelotrichales	Erysipelotrichaceae	Holdemanella	Holdemanella biformis	NA
Clostridium paraputrificum	Bacteria	Firmicutes	Clostridia	Eubacteriales	Clostridiaceae	Clostridium	Clostridium paraputrificum	NA
Prevotella sp. CAG:520	Bacteria	Bacteroidetes	Bacteroidia	Bacteroidales	Prevotellaceae	Prevotella	Prevotella sp. CAG:520	anaerobic
Clostridium sp. CAG:964	Bacteria	Firmicutes	Clostridia	Eubacteriales	Clostridiaceae	Clostridium	Clostridium sp. CAG:964	NA
Ruminococcus sp. CAG:488	Bacteria	Firmicutes	Clostridia	Eubacteriales	Oscillospiraceae	Ruminococcus	Ruminococcus sp. CAG:488	NA
Sanguibacteroides justesenii	Bacteria	Bacteroidetes	Bacteroidia	Bacteroidales	Porphyromonadaceae	Sanguibacteroides	Sanguibacteroides justesenii	NA
Coprobacillus cateniformis	Bacteria	Firmicutes	Erysipelotrichia	Erysipelotrichales	Coprobacillaceae	Coprobacillus	Coprobacillus cateniformis	NA
Eisenbergiella massiliensis	Bacteria	Firmicutes	Clostridia	Eubacteriales	Lachnospiraceae	Eisenbergiella	Eisenbergiella massiliensis	NA
Bifidobacterium pseudocatenulatum	Bacteria	Actinobacteria	Actinomycetia	Bifidobacteriales	Bifidobacteriaceae	Bifidobacterium	Bifidobacterium pseudocatenulatum	facultative_anaerobic
Hungatella hathewayi	Bacteria	Firmicutes	Clostridia	Eubacteriales	Clostridiaceae	Hungatella	Hungatella hathewayi	NA
Clostridium sp. CAG:411	Bacteria	Firmicutes	Clostridia	Eubacteriales	Clostridiaceae	Clostridium	Clostridium sp. CAG:411	NA
Pseudoflavonifractor capillosus	Bacteria	Firmicutes	Clostridia	Eubacteriales	Oscillospiraceae	Pseudoflavonifractor	Pseudoflavonifractor capillosus	NA
Prevotella sp. CAG:1031	Bacteria	Bacteroidetes	Bacteroidia	Bacteroidales	Prevotellaceae	Prevotella	Prevotella sp. CAG:1031	anaerobic
Desulfovibrio piger	Bacteria	Proteobacteria	Deltaproteobacteria	Desulfovibrionales	Desulfovibrionaceae	Desulfovibrio	Desulfovibrio piger	anaerobic
Prevotella corporis	Bacteria	Bacteroidetes	Bacteroidia	Bacteroidales	Prevotellaceae	Prevotella	Prevotella corporis	anaerobic
Campylobacter hominis	Bacteria	Proteobacteria	Epsilonproteobacteria	Campylobacterales	Campylobacteraceae	Campylobacter	Campylobacter hominis	facultative_anaerobic
Ruminococcus obeum CAG:39	Bacteria	Firmicutes	Clostridia	Eubacteriales	Oscillospiraceae	Ruminococcus	Ruminococcus obeum CAG:39	NA
Klebsiella variicola	Bacteria	Proteobacteria	Gammaproteobacteria	Enterobacterales	Enterobacteriaceae	Klebsiella	Klebsiella variicola	NA
Lachnoclostridium sp. An131	Bacteria	Firmicutes	Clostridia	Eubacteriales	Lachnospiraceae	Lachnoclostridium	Lachnoclostridium sp. An131	NA
Anaerofustis stercorihominis	Bacteria	Firmicutes	Clostridia	Eubacteriales	Eubacteriaceae	Anaerofustis	Anaerofustis stercorihominis	NA
Sellimonas intestinalis	Bacteria	Firmicutes	Clostridia	Eubacteriales	Lachnospiraceae	Sellimonas	Sellimonas intestinalis	NA
Pseudoflavonifractor sp. An184	Bacteria	Firmicutes	Clostridia	Eubacteriales	Oscillospiraceae	Pseudoflavonifractor	Pseudoflavonifractor sp. An184	NA
Eubacterium limosum	Bacteria	Firmicutes	Clostridia	Eubacteriales	Eubacteriaceae	Eubacterium	Eubacterium limosum	NA
Enterocloster aldenensis	Bacteria	Firmicutes	Clostridia	Eubacteriales	Lachnospiraceae	Enterocloster	Enterocloster aldenensis	NA
Streptococcus sinensis	Bacteria	Firmicutes	Bacilli	Lactobacillales	Streptococcaceae	Streptococcus	Streptococcus sinensis	facultative_anaerobic
[Clostridium] methylpentosum	Bacteria	Firmicutes	Clostridia	Eubacteriales	Oscillospiraceae	NA	[Clostridium] methylpentosum	NA
Mogibacterium timidum	Bacteria	Firmicutes	Clostridia	Eubacteriales	Eubacteriales Family XIII. Incertae Sedis	Mogibacterium	Mogibacterium timidum	anaerobic
Malassezia restricta	Eukaryota	Basidiomycota	Malasseziomycetes	Malasseziales	Malasseziaceae	Malassezia	Malassezia restricta	NA
Staphylococcus capitis	Bacteria	Firmicutes	Bacilli	Bacillales	Staphylococcaceae	Staphylococcus	Staphylococcus capitis	facultative_anaerobic
Megamonas hypermegale	Bacteria	Firmicutes	Negativicutes	Selenomonadales	Selenomonadaceae	Megamonas	Megamonas hypermegale	NA
Megamonas funiformis	Bacteria	Firmicutes	Negativicutes	Selenomonadales	Selenomonadaceae	Megamonas	Megamonas funiformis	NA
Clostridium sp. CAG:299	Bacteria	Firmicutes	Clostridia	Eubacteriales	Clostridiaceae	Clostridium	Clostridium sp. CAG:299	NA
Tyzzerella nexilis	Bacteria	Firmicutes	Clostridia	Eubacteriales	Lachnospiraceae	Tyzzerella	Tyzzerella nexilis	NA
Blautia hansenii	Bacteria	Firmicutes	Clostridia	Eubacteriales	Lachnospiraceae	Blautia	Blautia hansenii	anaerobic
Bifidobacterium bifidum	Bacteria	Actinobacteria	Actinomycetia	Bifidobacteriales	Bifidobacteriaceae	Bifidobacterium	Bifidobacterium bifidum	facultative_anaerobic
Bacillus aerius	Bacteria	Firmicutes	Bacilli	Bacillales	Bacillaceae	Bacillus	Bacillus aerius	aerobic
Candidatus Stoquefichus sp. KLE1796	Bacteria	Firmicutes	Erysipelotrichia	Erysipelotrichales	Erysipelotrichaceae	Candidatus Stoquefichus	Candidatus Stoquefichus sp. KLE1796	NA
Scardovia wiggsiae	Bacteria	Actinobacteria	Actinomycetia	Bifidobacteriales	Bifidobacteriaceae	Scardovia	Scardovia wiggsiae	anaerobic
Prevotella intermedia	Bacteria	Bacteroidetes	Bacteroidia	Bacteroidales	Prevotellaceae	Prevotella	Prevotella intermedia	anaerobic
Parvimonas sp. KA00067	Bacteria	Firmicutes	Tissierellia	Tissierellales	Peptoniphilaceae	Parvimonas	Parvimonas sp. KA00067	anaerobic
Capnocytophaga sp. oral taxon 878	Bacteria	Bacteroidetes	Flavobacteriia	Flavobacteriales	Flavobacteriaceae	Capnocytophaga	Capnocytophaga sp. oral taxon 878	facultative_anaerobic
Streptococcus viridans	Bacteria	Firmicutes	Bacilli	Lactobacillales	Streptococcaceae	Streptococcus	Streptococcus viridans	facultative_anaerobic
Blautia argi	Bacteria	Firmicutes	Clostridia	Eubacteriales	Lachnospiraceae	Blautia	Blautia argi	anaerobic
[Clostridium] scindens	Bacteria	Firmicutes	Clostridia	Eubacteriales	Lachnospiraceae	Lachnoclostridium	[Clostridium] scindens	NA
Fusobacterium ulcerans	Bacteria	Fusobacteria	Fusobacteriia	Fusobacteriales	Fusobacteriaceae	Fusobacterium	Fusobacterium ulcerans	anaerobic
Malassezia globosa	Eukaryota	Basidiomycota	Malasseziomycetes	Malasseziales	Malasseziaceae	Malassezia	Malassezia globosa	NA
Micrococcus luteus	Bacteria	Actinobacteria	Actinomycetia	Micrococcales	Micrococcaceae	Micrococcus	Micrococcus luteus	NA
Kocuria palustris	Bacteria	Actinobacteria	Actinomycetia	Micrococcales	Micrococcaceae	Kocuria	Kocuria palustris	anaerobic
Moraxella osloensis	Bacteria	Proteobacteria	Gammaproteobacteria	Moraxellales	Moraxellaceae	Moraxella	Moraxella osloensis	aerobic
Anaerococcus nagyae	Bacteria	Firmicutes	Tissierellia	Tissierellales	Peptoniphilaceae	Anaerococcus	Anaerococcus nagyae	anaerobic
Acinetobacter radioresistens	Bacteria	Proteobacteria	Gammaproteobacteria	Moraxellales	Moraxellaceae	Acinetobacter	Acinetobacter radioresistens	aerobic
Enhydrobacter aerosaccus	Bacteria	Proteobacteria	Alphaproteobacteria	Hyphomicrobiales	NA	Enhydrobacter	Enhydrobacter aerosaccus	NA
Cutibacterium modestum	Bacteria	Actinobacteria	Actinomycetia	Propionibacteriales	Propionibacteriaceae	Cutibacterium	Cutibacterium modestum	NA
Odoribacter laneus	Bacteria	Bacteroidetes	Bacteroidia	Bacteroidales	Odoribacteraceae	Odoribacter	Odoribacter laneus	NA
Candidatus Methanomassiliicoccus intestinalis	Archaea	Candidatus Thermoplasmatota	Thermoplasmata	Methanomassiliicoccales	Methanomassiliicoccaceae	Methanomassiliicoccus	Candidatus Methanomassiliicoccus intestinalis	NA
Roseburia sp. CAG:303	Bacteria	Firmicutes	Clostridia	Eubacteriales	Lachnospiraceae	Roseburia	Roseburia sp. CAG:303	anaerobic
Ruminococcus sp. CAG:624	Bacteria	Firmicutes	Clostridia	Eubacteriales	Oscillospiraceae	Ruminococcus	Ruminococcus sp. CAG:624	NA
Lactobacillus acidophilus	Bacteria	Firmicutes	Bacilli	Lactobacillales	Lactobacillaceae	Lactobacillus	Lactobacillus acidophilus	facultative_anaerobic
Desulfovibrio fairfieldensis	Bacteria	Proteobacteria	Deltaproteobacteria	Desulfovibrionales	Desulfovibrionaceae	Desulfovibrio	Desulfovibrio fairfieldensis	anaerobic
Allisonella histaminiformans	Bacteria	Firmicutes	Negativicutes	Veillonellales	Veillonellaceae	Allisonella	Allisonella histaminiformans	NA
Haemophilus aegyptius	Bacteria	Proteobacteria	Gammaproteobacteria	Pasteurellales	Pasteurellaceae	Haemophilus	Haemophilus aegyptius	facultative_anaerobic
Candida tropicalis	Eukaryota	Ascomycota	Saccharomycetes	Saccharomycetales	Debaryomycetaceae	Candida	Candida tropicalis	NA
Prevotella sp. AM42-24	Bacteria	Bacteroidetes	Bacteroidia	Bacteroidales	Prevotellaceae	Prevotella	Prevotella sp. AM42-24	anaerobic
Bacteroides faecis CAG:32	Bacteria	Bacteroidetes	Bacteroidia	Bacteroidales	Bacteroidaceae	Bacteroides	Bacteroides faecis CAG:32	anaerobic
Dialister sp. CAG:357	Bacteria	Firmicutes	Negativicutes	Veillonellales	Veillonellaceae	Dialister	Dialister sp. CAG:357	anaerobic
Enterococcus faecium	Bacteria	Firmicutes	Bacilli	Lactobacillales	Enterococcaceae	Enterococcus	Enterococcus faecium	NA
Bifidobacterium catenulatum	Bacteria	Actinobacteria	Actinomycetia	Bifidobacteriales	Bifidobacteriaceae	Bifidobacterium	Bifidobacterium catenulatum	facultative_anaerobic
[Eubacterium] saphenum	Bacteria	Firmicutes	Clostridia	Eubacteriales	Eubacteriales Family XIII. Incertae Sedis	NA	[Eubacterium] saphenum	NA
Bacteroidetes bacterium oral taxon 272	Bacteria	Bacteroidetes	NA	NA	NA	NA	Bacteroidetes bacterium oral taxon 272	NA
Dialister pneumosintes	Bacteria	Firmicutes	Negativicutes	Veillonellales	Veillonellaceae	Dialister	Dialister pneumosintes	anaerobic
Anaerolineaceae bacterium oral taxon 439	Bacteria	Chloroflexi	Anaerolineae	Anaerolineales	Anaerolineaceae	NA	Anaerolineaceae bacterium oral taxon 439	NA
Streptococcus massiliensis	Bacteria	Firmicutes	Bacilli	Lactobacillales	Streptococcaceae	Streptococcus	Streptococcus massiliensis	facultative_anaerobic
Capnocytophaga haemolytica	Bacteria	Bacteroidetes	Flavobacteriia	Flavobacteriales	Flavobacteriaceae	Capnocytophaga	Capnocytophaga haemolytica	facultative_anaerobic
Prevotella dentalis	Bacteria	Bacteroidetes	Bacteroidia	Bacteroidales	Prevotellaceae	Prevotella	Prevotella dentalis	anaerobic
Pseudoramibacter alactolyticus	Bacteria	Firmicutes	Clostridia	Eubacteriales	Eubacteriaceae	Pseudoramibacter	Pseudoramibacter alactolyticus	anaerobic
Treponema putidum	Bacteria	Spirochaetes	Spirochaetia	Spirochaetales	Treponemataceae	Treponema	Treponema putidum	anaerobic
Prevotella sp. oral taxon 820	Bacteria	Bacteroidetes	Bacteroidia	Bacteroidales	Prevotellaceae	Prevotella	Prevotella sp. oral taxon 820	anaerobic
Prevotella amnii	Bacteria	Bacteroidetes	Bacteroidia	Bacteroidales	Prevotellaceae	Prevotella	Prevotella amnii	anaerobic
Moraxella lincolnii	Bacteria	Proteobacteria	Gammaproteobacteria	Moraxellales	Moraxellaceae	Moraxella	Moraxella lincolnii	aerobic
Prevotella sp. 885	Bacteria	Bacteroidetes	Bacteroidia	Bacteroidales	Prevotellaceae	Prevotella	Prevotella sp. 885	anaerobic
Butyrivibrio sp. CAG:318	Bacteria	Firmicutes	Clostridia	Eubacteriales	Lachnospiraceae	Butyrivibrio	Butyrivibrio sp. CAG:318	anaerobic
Phocaeicola sartorii	Bacteria	Bacteroidetes	Bacteroidia	Bacteroidales	Bacteroidaceae	Phocaeicola	Phocaeicola sartorii	anaerobic
Clostridium sp. CAG:590	Bacteria	Firmicutes	Clostridia	Eubacteriales	Clostridiaceae	Clostridium	Clostridium sp. CAG:590	NA
Clostridiales bacterium CHKCI006	Bacteria	Firmicutes	Clostridia	Eubacteriales	NA	NA	Clostridiales bacterium CHKCI006	NA
Clostridium sp. CAG:242	Bacteria	Firmicutes	Clostridia	Eubacteriales	Clostridiaceae	Clostridium	Clostridium sp. CAG:242	NA
Clostridium sp. chh4-2	Bacteria	Firmicutes	Clostridia	Eubacteriales	Clostridiaceae	Clostridium	Clostridium sp. chh4-2	NA
Flavonifractor sp. An10	Bacteria	Firmicutes	Clostridia	Eubacteriales	Oscillospiraceae	Flavonifractor	Flavonifractor sp. An10	NA
Methanosphaera stadtmanae	Archaea	Euryarchaeota	Methanobacteria	Methanobacteriales	Methanobacteriaceae	Methanosphaera	Methanosphaera stadtmanae	NA
Blautia producta	Bacteria	Firmicutes	Clostridia	Eubacteriales	Lachnospiraceae	Blautia	Blautia producta	anaerobic
Enterocloster asparagiformis	Bacteria	Firmicutes	Clostridia	Eubacteriales	Lachnospiraceae	Enterocloster	Enterocloster asparagiformis	NA
Lactonifactor longoviformis	Bacteria	Firmicutes	Clostridia	Eubacteriales	Clostridiaceae	Lactonifactor	Lactonifactor longoviformis	NA
Simonsiella muelleri	Bacteria	Proteobacteria	Betaproteobacteria	Neisseriales	Neisseriaceae	Simonsiella	Simonsiella muelleri	aerobic
Chlamydia ibidis	Bacteria	Chlamydiae	Chlamydiia	Chlamydiales	Chlamydiaceae	Chlamydia	Chlamydia ibidis	NA
Megamonas funiformis CAG:377	Bacteria	Firmicutes	Negativicutes	Selenomonadales	Selenomonadaceae	Megamonas	Megamonas funiformis CAG:377	NA
Porphyromonas gingivalis	Bacteria	Bacteroidetes	Bacteroidia	Bacteroidales	Porphyromonadaceae	Porphyromonas	Porphyromonas gingivalis	anaerobic
Prevotella multiformis	Bacteria	Bacteroidetes	Bacteroidia	Bacteroidales	Prevotellaceae	Prevotella	Prevotella multiformis	anaerobic
[Eubacterium] nodatum	Bacteria	Firmicutes	Clostridia	Eubacteriales	Eubacteriales Family XIII. Incertae Sedis	NA	[Eubacterium] nodatum	NA
Leptotrichia sp. oral taxon 847	Bacteria	Fusobacteria	Fusobacteriia	Fusobacteriales	Leptotrichiaceae	Leptotrichia	Leptotrichia sp. oral taxon 847	anaerobic
Streptococcus sp. HMSC070B10	Bacteria	Firmicutes	Bacilli	Lactobacillales	Streptococcaceae	Streptococcus	Streptococcus sp. HMSC070B10	facultative_anaerobic
Desulfobulbus oralis	Bacteria	Proteobacteria	Deltaproteobacteria	Desulfobacterales	Desulfobulbaceae	Desulfobulbus	Desulfobulbus oralis	anaerobic
Prevotella sp. oral taxon 376	Bacteria	Bacteroidetes	Bacteroidia	Bacteroidales	Prevotellaceae	Prevotella	Prevotella sp. oral taxon 376	anaerobic
Eggerthia catenaformis	Bacteria	Firmicutes	Erysipelotrichia	Erysipelotrichales	Coprobacillaceae	Eggerthia	Eggerthia catenaformis	NA
Prevotella baroniae	Bacteria	Bacteroidetes	Bacteroidia	Bacteroidales	Prevotellaceae	Prevotella	Prevotella baroniae	anaerobic
Propionibacterium acidifaciens	Bacteria	Actinobacteria	Actinomycetia	Propionibacteriales	Propionibacteriaceae	Propionibacterium	Propionibacterium acidifaciens	anaerobic
Peptostreptococcaceae bacterium oral taxon 113	Bacteria	Firmicutes	Clostridia	Eubacteriales	Peptostreptococcaceae	NA	Peptostreptococcaceae bacterium oral taxon 113	NA
Corynebacterium tuberculostearicum	Bacteria	Actinobacteria	Actinomycetia	Corynebacteriales	Corynebacteriaceae	Corynebacterium	Corynebacterium tuberculostearicum	aerobic
Kingella kingae	Bacteria	Proteobacteria	Betaproteobacteria	Neisseriales	Neisseriaceae	Kingella	Kingella kingae	aerobic
Faecalicoccus pleomorphus	Bacteria	Firmicutes	Erysipelotrichia	Erysipelotrichales	Erysipelotrichaceae	Faecalicoccus	Faecalicoccus pleomorphus	NA
Corynebacterium kroppenstedtii	Bacteria	Actinobacteria	Actinomycetia	Corynebacteriales	Corynebacteriaceae	Corynebacterium	Corynebacterium kroppenstedtii	aerobic
Paracoccus versutus	Bacteria	Proteobacteria	Alphaproteobacteria	Rhodobacterales	Rhodobacteraceae	Paracoccus	Paracoccus versutus	NA
Streptococcus salivarius CAG:79	Bacteria	Firmicutes	Bacilli	Lactobacillales	Streptococcaceae	Streptococcus	Streptococcus salivarius CAG:79	facultative_anaerobic
Paracoccus pantotrophus	Bacteria	Proteobacteria	Alphaproteobacteria	Rhodobacterales	Rhodobacteraceae	Paracoccus	Paracoccus pantotrophus	NA
Coprobacter sp.	Bacteria	Bacteroidetes	Bacteroidia	Bacteroidales	Barnesiellaceae	Coprobacter	Coprobacter sp.	NA
Phascolarctobacterium succinatutens	Bacteria	Firmicutes	Negativicutes	Acidaminococcales	Acidaminococcaceae	Phascolarctobacterium	Phascolarctobacterium succinatutens	NA
Christensenella hongkongensis	Bacteria	Firmicutes	Clostridia	Eubacteriales	Christensenellaceae	Christensenella	Christensenella hongkongensis	NA
Clostridium sp. D5	Bacteria	Firmicutes	Clostridia	Eubacteriales	Clostridiaceae	Clostridium	Clostridium sp. D5	NA
Peptoniphilus sp. HMSC062D09	Bacteria	Firmicutes	Tissierellia	Tissierellales	Peptoniphilaceae	Peptoniphilus	Peptoniphilus sp. HMSC062D09	anaerobic
Eubacterium sp. OM08-24	Bacteria	Firmicutes	Clostridia	Eubacteriales	Eubacteriaceae	Eubacterium	Eubacterium sp. OM08-24	NA
Anaerofilum sp. An201	Bacteria	Firmicutes	Clostridia	Eubacteriales	Oscillospiraceae	Anaerofilum	Anaerofilum sp. An201	NA
Mycobacteroides chelonae	Bacteria	Actinobacteria	Actinomycetia	Corynebacteriales	Mycobacteriaceae	Mycobacteroides	Mycobacteroides chelonae	NA
Neisseria polysaccharea	Bacteria	Proteobacteria	Betaproteobacteria	Neisseriales	Neisseriaceae	Neisseria	Neisseria polysaccharea	aerobic
Haemophilus sp. C1	Bacteria	Proteobacteria	Gammaproteobacteria	Pasteurellales	Pasteurellaceae	Haemophilus	Haemophilus sp. C1	facultative_anaerobic
Bifidobacterium angulatum	Bacteria	Actinobacteria	Actinomycetia	Bifidobacteriales	Bifidobacteriaceae	Bifidobacterium	Bifidobacterium angulatum	facultative_anaerobic
Mitsuokella multacida	Bacteria	Firmicutes	Negativicutes	Selenomonadales	Selenomonadaceae	Mitsuokella	Mitsuokella multacida	NA
Megasphaera elsdenii	Bacteria	Firmicutes	Negativicutes	Veillonellales	Veillonellaceae	Megasphaera	Megasphaera elsdenii	anaerobic
Porphyromonas sp. HMSC065F10	Bacteria	Bacteroidetes	Bacteroidia	Bacteroidales	Porphyromonadaceae	Porphyromonas	Porphyromonas sp. HMSC065F10	anaerobic
Sarcina ventriculi	Bacteria	Firmicutes	Clostridia	Eubacteriales	Clostridiaceae	Sarcina	Sarcina ventriculi	NA
Mitsuokella jalaludinii	Bacteria	Firmicutes	Negativicutes	Selenomonadales	Selenomonadaceae	Mitsuokella	Mitsuokella jalaludinii	NA
Schaalia cardiffensis	Bacteria	Actinobacteria	Actinomycetia	Actinomycetales	Actinomycetaceae	Schaalia	Schaalia cardiffensis	NA
Flavonifractor sp. An100	Bacteria	Firmicutes	Clostridia	Eubacteriales	Oscillospiraceae	Flavonifractor	Flavonifractor sp. An100	NA
Brochothrix thermosphacta	Bacteria	Firmicutes	Bacilli	Bacillales	Listeriaceae	Brochothrix	Brochothrix thermosphacta	NA
Carnobacterium divergens	Bacteria	Firmicutes	Bacilli	Lactobacillales	Carnobacteriaceae	Carnobacterium	Carnobacterium divergens	NA
Pseudomonas fragi	Bacteria	Proteobacteria	Gammaproteobacteria	Pseudomonadales	Pseudomonadaceae	Pseudomonas	Pseudomonas fragi	facultative_anaerobic
Carnobacterium maltaromaticum	Bacteria	Firmicutes	Bacilli	Lactobacillales	Carnobacteriaceae	Carnobacterium	Carnobacterium maltaromaticum	NA
Psychrobacter sp. 1501(2011)	Bacteria	Proteobacteria	Gammaproteobacteria	Moraxellales	Moraxellaceae	Psychrobacter	Psychrobacter sp. 1501(2011)	NA
Serratia proteamaculans	Bacteria	Proteobacteria	Gammaproteobacteria	Enterobacterales	Yersiniaceae	Serratia	Serratia proteamaculans	NA
Bacteroides sp. CAG:443	Bacteria	Bacteroidetes	Bacteroidia	Bacteroidales	Bacteroidaceae	Bacteroides	Bacteroides sp. CAG:443	anaerobic
Aeriscardovia aeriphila	Bacteria	Actinobacteria	Actinomycetia	Bifidobacteriales	Bifidobacteriaceae	Aeriscardovia	Aeriscardovia aeriphila	aerobic
Subdoligranulum variabile	Bacteria	Firmicutes	Clostridia	Eubacteriales	Oscillospiraceae	Subdoligranulum	Subdoligranulum variabile	NA
Sphingomonas koreensis	Bacteria	Proteobacteria	Alphaproteobacteria	Sphingomonadales	Sphingomonadaceae	Sphingomonas	Sphingomonas koreensis	aerobic
Anaerostipes caccae	Bacteria	Firmicutes	Clostridia	Eubacteriales	Lachnospiraceae	Anaerostipes	Anaerostipes caccae	NA
Firmicutes bacterium CAG:424	Bacteria	Firmicutes	NA	NA	NA	NA	Firmicutes bacterium CAG:424	NA
Fusobacterium naviforme	Bacteria	Fusobacteria	Fusobacteriia	Fusobacteriales	Fusobacteriaceae	Fusobacterium	Fusobacterium naviforme	anaerobic
[Clostridium] hylemonae	Bacteria	Firmicutes	Clostridia	Eubacteriales	Lachnospiraceae	Lachnoclostridium	[Clostridium] hylemonae	NA
Megasphaera sp. DISK 18	Bacteria	Firmicutes	Negativicutes	Veillonellales	Veillonellaceae	Megasphaera	Megasphaera sp. DISK 18	anaerobic
Megasphaera sp. MJR8396C	Bacteria	Firmicutes	Negativicutes	Veillonellales	Veillonellaceae	Megasphaera	Megasphaera sp. MJR8396C	anaerobic
Moraxella catarrhalis	Bacteria	Proteobacteria	Gammaproteobacteria	Moraxellales	Moraxellaceae	Moraxella	Moraxella catarrhalis	aerobic
Klebsiella aerogenes	Bacteria	Proteobacteria	Gammaproteobacteria	Enterobacterales	Enterobacteriaceae	Klebsiella	Klebsiella aerogenes	NA
Proteus mirabilis	Bacteria	Proteobacteria	Gammaproteobacteria	Enterobacterales	Morganellaceae	Proteus	Proteus mirabilis	NA
Staphylococcus lugdunensis	Bacteria	Firmicutes	Bacilli	Bacillales	Staphylococcaceae	Staphylococcus	Staphylococcus lugdunensis	facultative_anaerobic
Butyricicoccus pullicaecorum	Bacteria	Firmicutes	Clostridia	Eubacteriales	Clostridiaceae	Butyricicoccus	Butyricicoccus pullicaecorum	NA
Malassezia sympodialis	Eukaryota	Basidiomycota	Malasseziomycetes	Malasseziales	Malasseziaceae	Malassezia	Malassezia sympodialis	NA
Corynebacterium argentoratense	Bacteria	Actinobacteria	Actinomycetia	Corynebacteriales	Corynebacteriaceae	Corynebacterium	Corynebacterium argentoratense	aerobic
Leuconostoc mesenteroides	Bacteria	Firmicutes	Bacilli	Lactobacillales	Lactobacillaceae	Leuconostoc	Leuconostoc mesenteroides	NA
Propionibacterium sp. oral taxon 192	Bacteria	Actinobacteria	Actinomycetia	Propionibacteriales	Propionibacteriaceae	Propionibacterium	Propionibacterium sp. oral taxon 192	anaerobic
Prevotella sp. CAG:617	Bacteria	Bacteroidetes	Bacteroidia	Bacteroidales	Prevotellaceae	Prevotella	Prevotella sp. CAG:617	anaerobic
Prevotella sp. CAG:1185	Bacteria	Bacteroidetes	Bacteroidia	Bacteroidales	Prevotellaceae	Prevotella	Prevotella sp. CAG:1185	anaerobic
Lawsonella clevelandensis	Bacteria	Actinobacteria	Actinomycetia	Corynebacteriales	Lawsonellaceae	Lawsonella	Lawsonella clevelandensis	NA
Citrobacter portucalensis	Bacteria	Proteobacteria	Gammaproteobacteria	Enterobacterales	Enterobacteriaceae	Citrobacter	Citrobacter portucalensis	NA
Citrobacter youngae	Bacteria	Proteobacteria	Gammaproteobacteria	Enterobacterales	Enterobacteriaceae	Citrobacter	Citrobacter youngae	NA
Klebsiella quasipneumoniae	Bacteria	Proteobacteria	Gammaproteobacteria	Enterobacterales	Enterobacteriaceae	Klebsiella	Klebsiella quasipneumoniae	NA
Clostridium sp. 7_2_43FAA	Bacteria	Firmicutes	Clostridia	Eubacteriales	Clostridiaceae	Clostridium	Clostridium sp. 7_2_43FAA	NA
Staphylococcus pseudintermedius	Bacteria	Firmicutes	Bacilli	Bacillales	Staphylococcaceae	Staphylococcus	Staphylococcus pseudintermedius	facultative_anaerobic
Tepidiphilus thermophilus	Bacteria	Proteobacteria	Hydrogenophilalia	Hydrogenophilales	Hydrogenophilaceae	Tepidiphilus	Tepidiphilus thermophilus	NA
Fusobacterium necrophorum	Bacteria	Fusobacteria	Fusobacteriia	Fusobacteriales	Fusobacteriaceae	Fusobacterium	Fusobacterium necrophorum	anaerobic
Brachyspira sp. CAG:700	Bacteria	Spirochaetes	Spirochaetia	Brachyspirales	Brachyspiraceae	Brachyspira	Brachyspira sp. CAG:700	NA
Elizabethkingia miricola	Bacteria	Bacteroidetes	Flavobacteriia	Flavobacteriales	Weeksellaceae	Elizabethkingia	Elizabethkingia miricola	NA
Parabacteroides gordonii	Bacteria	Bacteroidetes	Bacteroidia	Bacteroidales	Tannerellaceae	Parabacteroides	Parabacteroides gordonii	NA
Phascolarctobacterium sp. CAG:266	Bacteria	Firmicutes	Negativicutes	Acidaminococcales	Acidaminococcaceae	Phascolarctobacterium	Phascolarctobacterium sp. CAG:266	NA
Corynebacterium kefirresidentii	Bacteria	Actinobacteria	Actinomycetia	Corynebacteriales	Corynebacteriaceae	Corynebacterium	Corynebacterium kefirresidentii	aerobic
Anaerotruncus sp. CAG:528	Bacteria	Firmicutes	Clostridia	Eubacteriales	Oscillospiraceae	Anaerotruncus	Anaerotruncus sp. CAG:528	NA
Enterococcus faecalis	Bacteria	Firmicutes	Bacilli	Lactobacillales	Enterococcaceae	Enterococcus	Enterococcus faecalis	NA
Citrobacter europaeus	Bacteria	Proteobacteria	Gammaproteobacteria	Enterobacterales	Enterobacteriaceae	Citrobacter	Citrobacter europaeus	NA
Lachnoclostridium sp. An118	Bacteria	Firmicutes	Clostridia	Eubacteriales	Lachnospiraceae	Lachnoclostridium	Lachnoclostridium sp. An118	NA
Enterococcus gallinarum	Bacteria	Firmicutes	Bacilli	Lactobacillales	Enterococcaceae	Enterococcus	Enterococcus gallinarum	NA
Klebsiella oxytoca	Bacteria	Proteobacteria	Gammaproteobacteria	Enterobacterales	Enterobacteriaceae	Klebsiella	Klebsiella oxytoca	NA
Negativicoccus succinicivorans	Bacteria	Firmicutes	Negativicutes	Veillonellales	Veillonellaceae	Negativicoccus	Negativicoccus succinicivorans	NA
Kingella potus	Bacteria	Proteobacteria	Betaproteobacteria	Neisseriales	Neisseriaceae	Kingella	Kingella potus	aerobic
Corynebacterium singulare	Bacteria	Actinobacteria	Actinomycetia	Corynebacteriales	Corynebacteriaceae	Corynebacterium	Corynebacterium singulare	aerobic
Bacteroides sp. OM05-12	Bacteria	Bacteroidetes	Bacteroidia	Bacteroidales	Bacteroidaceae	Bacteroides	Bacteroides sp. OM05-12	anaerobic
Bifidobacterium animalis	Bacteria	Actinobacteria	Actinomycetia	Bifidobacteriales	Bifidobacteriaceae	Bifidobacterium	Bifidobacterium animalis	facultative_anaerobic
Stenotrophomonas maltophilia	Bacteria	Proteobacteria	Gammaproteobacteria	Xanthomonadales	Xanthomonadaceae	Stenotrophomonas	Stenotrophomonas maltophilia	NA
Staphylococcus saprophyticus	Bacteria	Firmicutes	Bacilli	Bacillales	Staphylococcaceae	Staphylococcus	Staphylococcus saprophyticus	facultative_anaerobic
Bacteroides sp. D2	Bacteria	Bacteroidetes	Bacteroidia	Bacteroidales	Bacteroidaceae	Bacteroides	Bacteroides sp. D2	anaerobic
Eubacterium coprostanoligenes	Bacteria	Firmicutes	Clostridia	Eubacteriales	Eubacteriaceae	Eubacterium	Eubacterium coprostanoligenes	NA
Anaerobiospirillum thomasii	Bacteria	Proteobacteria	Gammaproteobacteria	Aeromonadales	Succinivibrionaceae	Anaerobiospirillum	Anaerobiospirillum thomasii	NA
Fusobacterium mortiferum	Bacteria	Fusobacteria	Fusobacteriia	Fusobacteriales	Fusobacteriaceae	Fusobacterium	Fusobacterium mortiferum	anaerobic
Helicobacter pylori	Bacteria	Proteobacteria	Epsilonproteobacteria	Campylobacterales	Helicobacteraceae	Helicobacter	Helicobacter pylori	NA
Peptacetobacter hiranonis	Bacteria	Firmicutes	Clostridia	Eubacteriales	Peptostreptococcaceae	Peptacetobacter	Peptacetobacter hiranonis	NA
Veillonella denticariosi	Bacteria	Firmicutes	Negativicutes	Veillonellales	Veillonellaceae	Veillonella	Veillonella denticariosi	anaerobic
Peptostreptococcus anaerobius	Bacteria	Firmicutes	Clostridia	Eubacteriales	Peptostreptococcaceae	Peptostreptococcus	Peptostreptococcus anaerobius	anaerobic
Peptostreptococcus sp. MV1	Bacteria	Firmicutes	Clostridia	Eubacteriales	Peptostreptococcaceae	Peptostreptococcus	Peptostreptococcus sp. MV1	anaerobic
Criibacterium bergeronii	Bacteria	Firmicutes	Clostridia	Eubacteriales	Peptostreptococcaceae	Criibacterium	Criibacterium bergeronii	NA
Blautia coccoides	Bacteria	Firmicutes	Clostridia	Eubacteriales	Lachnospiraceae	Blautia	Blautia coccoides	anaerobic
Anaerococcus vaginalis	Bacteria	Firmicutes	Tissierellia	Tissierellales	Peptoniphilaceae	Anaerococcus	Anaerococcus vaginalis	anaerobic
Bifidobacterium dentium	Bacteria	Actinobacteria	Actinomycetia	Bifidobacteriales	Bifidobacteriaceae	Bifidobacterium	Bifidobacterium dentium	facultative_anaerobic
Lactobacillus delbrueckii	Bacteria	Firmicutes	Bacilli	Lactobacillales	Lactobacillaceae	Lactobacillus	Lactobacillus delbrueckii	facultative_anaerobic
Blastocystis sp. subtype 1	Eukaryota	NA	Bigyra	Opalinata	Blastocystidae	Blastocystis	Blastocystis sp. subtype 1	NA
Staphylococcus hominis	Bacteria	Firmicutes	Bacilli	Bacillales	Staphylococcaceae	Staphylococcus	Staphylococcus hominis	facultative_anaerobic
Corynebacterium amycolatum	Bacteria	Actinobacteria	Actinomycetia	Corynebacteriales	Corynebacteriaceae	Corynebacterium	Corynebacterium amycolatum	aerobic
Agitococcus lubricus	Bacteria	Proteobacteria	Gammaproteobacteria	Moraxellales	Moraxellaceae	Agitococcus	Agitococcus lubricus	NA
Listeria monocytogenes	Bacteria	Firmicutes	Bacilli	Bacillales	Listeriaceae	Listeria	Listeria monocytogenes	NA
Bacteroides caecimuris	Bacteria	Bacteroidetes	Bacteroidia	Bacteroidales	Bacteroidaceae	Bacteroides	Bacteroides caecimuris	anaerobic
Acinetobacter junii	Bacteria	Proteobacteria	Gammaproteobacteria	Moraxellales	Moraxellaceae	Acinetobacter	Acinetobacter junii	aerobic
Acinetobacter lwoffii	Bacteria	Proteobacteria	Gammaproteobacteria	Moraxellales	Moraxellaceae	Acinetobacter	Acinetobacter lwoffii	aerobic
Dermabacter hominis	Bacteria	Actinobacteria	Actinomycetia	Micrococcales	Dermabacteraceae	Dermabacter	Dermabacter hominis	NA
Micrococcus lylae	Bacteria	Actinobacteria	Actinomycetia	Micrococcales	Micrococcaceae	Micrococcus	Micrococcus lylae	NA
Corynebacterium sp. HMSC08A12	Bacteria	Actinobacteria	Actinomycetia	Corynebacteriales	Corynebacteriaceae	Corynebacterium	Corynebacterium sp. HMSC08A12	aerobic
Corynebacterium hadale	Bacteria	Actinobacteria	Actinomycetia	Corynebacteriales	Corynebacteriaceae	Corynebacterium	Corynebacterium hadale	aerobic
Pyramidobacter piscolens	Bacteria	Synergistetes	Synergistia	Synergistales	Synergistaceae	Pyramidobacter	Pyramidobacter piscolens	NA
Corynebacterium simulans	Bacteria	Actinobacteria	Actinomycetia	Corynebacteriales	Corynebacteriaceae	Corynebacterium	Corynebacterium simulans	aerobic
Comamonas kerstersii	Bacteria	Proteobacteria	Betaproteobacteria	Burkholderiales	Comamonadaceae	Comamonas	Comamonas kerstersii	aerobic
Bifidobacterium breve	Bacteria	Actinobacteria	Actinomycetia	Bifidobacteriales	Bifidobacteriaceae	Bifidobacterium	Bifidobacterium breve	facultative_anaerobic
Enterobacter bugandensis	Bacteria	Proteobacteria	Gammaproteobacteria	Enterobacterales	Enterobacteriaceae	Enterobacter	Enterobacter bugandensis	anaerobic
Schaalia turicensis	Bacteria	Actinobacteria	Actinomycetia	Actinomycetales	Actinomycetaceae	Schaalia	Schaalia turicensis	NA
Staphylococcus haemolyticus	Bacteria	Firmicutes	Bacilli	Bacillales	Staphylococcaceae	Staphylococcus	Staphylococcus haemolyticus	facultative_anaerobic
Burkholderia cenocepacia	Bacteria	Proteobacteria	Betaproteobacteria	Burkholderiales	Burkholderiaceae	Burkholderia	Burkholderia cenocepacia	NA
Burkholderia pyrrocinia	Bacteria	Proteobacteria	Betaproteobacteria	Burkholderiales	Burkholderiaceae	Burkholderia	Burkholderia pyrrocinia	NA
Jonquetella anthropi	Bacteria	Synergistetes	Synergistia	Synergistales	Synergistaceae	Jonquetella	Jonquetella anthropi	NA
Bacteroides stercorirosoris	Bacteria	Bacteroidetes	Bacteroidia	Bacteroidales	Bacteroidaceae	Bacteroides	Bacteroides stercorirosoris	anaerobic
Bacteroides oleiciplenus	Bacteria	Bacteroidetes	Bacteroidia	Bacteroidales	Bacteroidaceae	Bacteroides	Bacteroides oleiciplenus	anaerobic
Corynebacterium afermentans	Bacteria	Actinobacteria	Actinomycetia	Corynebacteriales	Corynebacteriaceae	Corynebacterium	Corynebacterium afermentans	aerobic
Latilactobacillus curvatus	Bacteria	Firmicutes	Bacilli	Lactobacillales	Lactobacillaceae	Latilactobacillus	Latilactobacillus curvatus	NA
Clostridioides difficile	Bacteria	Firmicutes	Clostridia	Eubacteriales	Peptostreptococcaceae	Clostridioides	Clostridioides difficile	NA
Lactiplantibacillus plantarum	Bacteria	Firmicutes	Bacilli	Lactobacillales	Lactobacillaceae	Lactiplantibacillus	Lactiplantibacillus plantarum	NA
Candida dubliniensis	Eukaryota	Ascomycota	Saccharomycetes	Saccharomycetales	Debaryomycetaceae	Candida	Candida dubliniensis	NA
Limosilactobacillus fermentum	Bacteria	Firmicutes	Bacilli	Lactobacillales	Lactobacillaceae	Limosilactobacillus	Limosilactobacillus fermentum	NA
Hafnia paralvei	Bacteria	Proteobacteria	Gammaproteobacteria	Enterobacterales	Hafniaceae	Hafnia	Hafnia paralvei	NA
Candidatus Gastranaerophilales bacterium	Bacteria	Candidatus Melainabacteria	NA	Candidatus Gastranaerophilales	NA	NA	Candidatus Gastranaerophilales bacterium	NA
Kocuria indica	Bacteria	Actinobacteria	Actinomycetia	Micrococcales	Micrococcaceae	Kocuria	Kocuria indica	anaerobic
Streptococcus agalactiae	Bacteria	Firmicutes	Bacilli	Lactobacillales	Streptococcaceae	Streptococcus	Streptococcus agalactiae	facultative_anaerobic
Enterococcus dispar	Bacteria	Firmicutes	Bacilli	Lactobacillales	Enterococcaceae	Enterococcus	Enterococcus dispar	NA
Firmicutes bacterium CAG:646	Bacteria	Firmicutes	NA	NA	NA	NA	Firmicutes bacterium CAG:646	NA
Peptoniphilus sp. DNF00840	Bacteria	Firmicutes	Tissierellia	Tissierellales	Peptoniphilaceae	Peptoniphilus	Peptoniphilus sp. DNF00840	anaerobic
Bacteroidales bacterium KA00251	Bacteria	Bacteroidetes	Bacteroidia	Bacteroidales	NA	NA	Bacteroidales bacterium KA00251	NA
Ureaplasma urealyticum	Bacteria	Tenericutes	Mollicutes	Mycoplasmatales	Mycoplasmataceae	Ureaplasma	Ureaplasma urealyticum	facultative_anaerobic
Veillonella montpellierensis	Bacteria	Firmicutes	Negativicutes	Veillonellales	Veillonellaceae	Veillonella	Veillonella montpellierensis	anaerobic
Actinomyces urogenitalis	Bacteria	Actinobacteria	Actinomycetia	Actinomycetales	Actinomycetaceae	Actinomyces	Actinomyces urogenitalis	anaerobic
Schaalia radingae	Bacteria	Actinobacteria	Actinomycetia	Actinomycetales	Actinomycetaceae	Schaalia	Schaalia radingae	NA
Megasphaera vaginalis	Bacteria	Firmicutes	Negativicutes	Veillonellales	Veillonellaceae	Megasphaera	Megasphaera vaginalis	anaerobic
Bifidobacterium scardovii	Bacteria	Actinobacteria	Actinomycetia	Bifidobacteriales	Bifidobacteriaceae	Bifidobacterium	Bifidobacterium scardovii	facultative_anaerobic
Staphylococcus warneri	Bacteria	Firmicutes	Bacilli	Bacillales	Staphylococcaceae	Staphylococcus	Staphylococcus warneri	facultative_anaerobic
Veillonella sp. CAG:933	Bacteria	Firmicutes	Negativicutes	Veillonellales	Veillonellaceae	Veillonella	Veillonella sp. CAG:933	anaerobic
Lachnospiraceae bacterium 2_1_46FAA	Bacteria	Firmicutes	Clostridia	Eubacteriales	Lachnospiraceae	NA	Lachnospiraceae bacterium 2_1_46FAA	NA
Clostridium neonatale	Bacteria	Firmicutes	Clostridia	Eubacteriales	Clostridiaceae	Clostridium	Clostridium neonatale	NA
Dellaglioa algida	Bacteria	Firmicutes	Bacilli	Lactobacillales	Lactobacillaceae	Dellaglioa	Dellaglioa algida	NA
Limosilactobacillus reuteri	Bacteria	Firmicutes	Bacilli	Lactobacillales	Lactobacillaceae	Limosilactobacillus	Limosilactobacillus reuteri	NA
Moraxella lacunata	Bacteria	Proteobacteria	Gammaproteobacteria	Moraxellales	Moraxellaceae	Moraxella	Moraxella lacunata	aerobic
Staphylococcus pasteuri	Bacteria	Firmicutes	Bacilli	Bacillales	Staphylococcaceae	Staphylococcus	Staphylococcus pasteuri	facultative_anaerobic
Pantoea ananatis	Bacteria	Proteobacteria	Gammaproteobacteria	Enterobacterales	Erwiniaceae	Pantoea	Pantoea ananatis	NA
Parascardovia denticolens	Bacteria	Actinobacteria	Actinomycetia	Bifidobacteriales	Bifidobacteriaceae	Parascardovia	Parascardovia denticolens	NA
Brevundimonas diminuta	Bacteria	Proteobacteria	Alphaproteobacteria	Caulobacterales	Caulobacteraceae	Brevundimonas	Brevundimonas diminuta	NA
Mixta calida	Bacteria	Proteobacteria	Gammaproteobacteria	Enterobacterales	Erwiniaceae	Mixta	Mixta calida	NA
Acinetobacter ursingii	Bacteria	Proteobacteria	Gammaproteobacteria	Moraxellales	Moraxellaceae	Acinetobacter	Acinetobacter ursingii	aerobic
Corynebacterium striatum	Bacteria	Actinobacteria	Actinomycetia	Corynebacteriales	Corynebacteriaceae	Corynebacterium	Corynebacterium striatum	aerobic
Acinetobacter parvus	Bacteria	Proteobacteria	Gammaproteobacteria	Moraxellales	Moraxellaceae	Acinetobacter	Acinetobacter parvus	aerobic
Roseomonas mucosa	Bacteria	Proteobacteria	Alphaproteobacteria	Rhodospirillales	Acetobacteraceae	Roseomonas	Roseomonas mucosa	NA
Acinetobacter bereziniae	Bacteria	Proteobacteria	Gammaproteobacteria	Moraxellales	Moraxellaceae	Acinetobacter	Acinetobacter bereziniae	aerobic
Paracoccus sanguinis	Bacteria	Proteobacteria	Alphaproteobacteria	Rhodobacterales	Rhodobacteraceae	Paracoccus	Paracoccus sanguinis	NA
Limosilactobacillus mucosae	Bacteria	Firmicutes	Bacilli	Lactobacillales	Lactobacillaceae	Limosilactobacillus	Limosilactobacillus mucosae	NA
Acidovorax caeni	Bacteria	Proteobacteria	Betaproteobacteria	Burkholderiales	Comamonadaceae	Acidovorax	Acidovorax caeni	aerobic
Porphyromonas cangingivalis	Bacteria	Bacteroidetes	Bacteroidia	Bacteroidales	Porphyromonadaceae	Porphyromonas	Porphyromonas cangingivalis	anaerobic
Porphyromonas gulae	Bacteria	Bacteroidetes	Bacteroidia	Bacteroidales	Porphyromonadaceae	Porphyromonas	Porphyromonas gulae	anaerobic
Porphyromonas gingivicanis	Bacteria	Bacteroidetes	Bacteroidia	Bacteroidales	Porphyromonadaceae	Porphyromonas	Porphyromonas gingivicanis	anaerobic
Staphylococcus cohnii	Bacteria	Firmicutes	Bacilli	Bacillales	Staphylococcaceae	Staphylococcus	Staphylococcus cohnii	facultative_anaerobic
Neisseria dumasiana	Bacteria	Proteobacteria	Betaproteobacteria	Neisseriales	Neisseriaceae	Neisseria	Neisseria dumasiana	aerobic
Lacticaseibacillus rhamnosus	Bacteria	Firmicutes	Bacilli	Lactobacillales	Lactobacillaceae	Lacticaseibacillus	Lacticaseibacillus rhamnosus	NA
Fusobacterium gonidiaformans	Bacteria	Fusobacteria	Fusobacteriia	Fusobacteriales	Fusobacteriaceae	Fusobacterium	Fusobacterium gonidiaformans	anaerobic
Bacteroides zoogleoformans	Bacteria	Bacteroidetes	Bacteroidia	Bacteroidales	Bacteroidaceae	Bacteroides	Bacteroides zoogleoformans	anaerobic
Cloacibacillus porcorum	Bacteria	Synergistetes	Synergistia	Synergistales	Synergistaceae	Cloacibacillus	Cloacibacillus porcorum	NA
Leuconostoc garlicum	Bacteria	Firmicutes	Bacilli	Lactobacillales	Lactobacillaceae	Leuconostoc	Leuconostoc garlicum	NA
Dialister succinatiphilus	Bacteria	Firmicutes	Negativicutes	Veillonellales	Veillonellaceae	Dialister	Dialister succinatiphilus	anaerobic
Gemmiger sp. An194	Bacteria	Firmicutes	Clostridia	Eubacteriales	NA	Gemmiger	Gemmiger sp. An194	NA
Mycolicibacterium mucogenicum	Bacteria	Actinobacteria	Actinomycetia	Corynebacteriales	Mycobacteriaceae	Mycolicibacterium	Mycolicibacterium mucogenicum	NA
Massilia timonae	Bacteria	Proteobacteria	Betaproteobacteria	Burkholderiales	Oxalobacteraceae	Massilia	Massilia timonae	NA
Sphingobium yanoikuyae	Bacteria	Proteobacteria	Alphaproteobacteria	Sphingomonadales	Sphingomonadaceae	Sphingobium	Sphingobium yanoikuyae	NA
Herbaspirillum sp.	Bacteria	Proteobacteria	Betaproteobacteria	Burkholderiales	Oxalobacteraceae	Herbaspirillum	Herbaspirillum sp.	NA
Synechococcus sp. JA-2-3B'a(2-13)	Bacteria	Cyanobacteria	NA	Synechococcales	Synechococcaceae	Synechococcus	Synechococcus sp. JA-2-3B'a(2-13)	NA
Roseiflexus sp. RS-1	Bacteria	Chloroflexi	Chloroflexia	Chloroflexales	Roseiflexaceae	Roseiflexus	Roseiflexus sp. RS-1	NA
Streptococcus lutetiensis	Bacteria	Firmicutes	Bacilli	Lactobacillales	Streptococcaceae	Streptococcus	Streptococcus lutetiensis	facultative_anaerobic
